-0.2390777586357009,-0.34830148475257866,0.0
1.5194974896754618,2.970354446908572,1.0
0.6991674470710663,-1.0757577883211928,0.0
-1.4678727528038806,0.41585759945326306,0.0
0.9811810976309548,2.0007119703133367,1.0
0.4368960465486269,-1.1183620596690227,0.0
-0.7815354602601512,0.7554863515906793,0.0
0.2917251491975456,0.020389401423244465,0.0
-0.6115733345486202,0.7134336333019096,1.0
0.4674678827983796,-0.38915809689547753,0.0
-1.3354763736507433,0.28388566321706227,0.0
-0.16067814777348288,0.5355553541727476,0.0
-0.28265608399960956,-0.8513960358797698,0.0
-0.1981701256541709,-0.3333175678107569,0.0
1.5194974896754625,2.9703544469085656,1.0
0.6991674470710663,-1.0757577883211922,0.0
-1.4678727528038802,0.4158575994532612,0.0
0.9811810976309548,2.0007119703133367,1.0
0.4368960465486269,-1.1183620596690227,0.0
-0.7815354602601512,0.7554863515906793,0.0
0.2917251491975456,0.020389401423244465,0.0
-0.6115733345486202,0.7134336333019096,1.0
0.4674678827983796,-0.38915809689547753,0.0
-1.3354763736507433,0.28388566321706227,0.0
-0.16067814777348288,0.5355553541727476,0.0
-0.28265608399960956,-0.8513960358797698,0.0
-0.1981701256541709,-0.3333175678107569,0.0
1.5194974896754625,2.9703544469085656,1.0
0.6991674470710663,-1.0757577883211922,0.0
-1.4678727528038802,0.4158575994532612,0.0
0.9811810976309548,2.0007119703133367,1.0
0.4368960465486269,-1.1183620596690227,0.0
-0.7815354602601512,0.7554863515906793,0.0
0.2917251491975456,0.020389401423244465,0.0
-0.6115733345486202,0.7134336333019096,1.0
0.4674678827983796,-0.38915809689547753,0.0
-1.3354763736507433,0.28388566321706227,0.0
-0.16067814777348288,0.5355553541727476,0.0
-0.28265608399960956,-0.8513960358797698,0.0
-0.1981701256541709,-0.3333175678107569,0.0
1.5194974896754625,2.9703544469085656,1.0
0.6991674470710663,-1.0757577883211922,0.0
-1.4678727528038802,0.4158575994532612,0.0
0.9811810976309548,2.0007119703133367,1.0
0.4368960465486269,-1.1183620596690227,0.0
-0.7815354602601512,0.7554863515906793,0.0
0.2917251491975456,0.020389401423244465,0.0
-0.6115733345486202,0.7134336333019096,1.0
0.4674678827983796,-0.38915809689547753,0.0
-1.3354763736507433,0.28388566321706227,0.0
-0.16067814777348288,0.5355553541727476,0.0
-0.28265608399960956,-0.8513960358797698,0.0
-0.1981701256541709,-0.3333175678107569,0.0
1.5194974896754625,2.9703544469085656,1.0
0.6991674470710663,-1.0757577883211922,0.0
-1.4678727528038802,0.4158575994532612,0.0
0.9811810976309548,2.0007119703133367,1.0
0.4368960465486269,-1.1183620596690227,0.0
-0.7815354602601512,0.7554863515906793,0.0
0.2917251491975456,0.020389401423244465,0.0
-0.6115733345486202,0.7134336333019096,1.0
0.4674678827983796,-0.38915809689547753,0.0
-1.3354763736507433,0.28388566321706227,0.0
-0.16067814777348288,0.5355553541727476,0.0
-0.28265608399960956,-0.8513960358797698,0.0
-0.1981701256541709,-0.3333175678107569,0.0
1.5194974896754625,2.9703544469085656,1.0
0.6991674470710663,-1.0757577883211922,0.0
-1.4678727528038802,0.4158575994532612,0.0
0.9811810976309548,2.0007119703133367,1.0
0.4368960465486269,-1.1183620596690227,0.0
-0.7815354602601512,0.7554863515906793,0.0
0.2917251491975456,0.020389401423244465,0.0
-0.6115733345486202,0.7134336333019096,1.0
0.4674678827983796,-0.38915809689547753,0.0
-1.3354763736507433,0.28388566321706227,0.0
-0.16067814777348288,0.5355553541727476,0.0
-0.28265608399960956,-0.8513960358797698,0.0
-0.1981701256541709,-0.3333175678107569,0.0
1.5194974896754625,2.9703544469085656,1.0
0.6991674470710663,-1.0757577883211922,0.0
-1.4678727528038802,0.4158575994532612,0.0
0.9811810976309548,2.0007119703133367,1.0
0.4368960465486269,-1.1183620596690227,0.0
-0.7815354602601512,0.7554863515906793,0.0
0.2917251491975456,0.020389401423244465,0.0
-0.6115733345486202,0.7134336333019096,1.0
0.4674678827983796,-0.38915809689547753,0.0
-1.3354763736507433,0.28388566321706227,0.0
-0.16067814777348288,0.5355553541727476,0.0
-0.28265608399960956,-0.8513960358797698,0.0
-0.1981701256541709,-0.3333175678107569,0.0
1.5194974896754625,2.9703544469085656,1.0
0.6991674470710663,-1.0757577883211922,0.0
-1.4678727528038802,0.4158575994532612,0.0
0.9811810976309548,2.0007119703133367,1.0
0.4368960465486269,-1.1183620596690227,0.0
-0.7815354602601512,0.7554863515906793,0.0
0.2917251491975456,0.020389401423244465,0.0
-0.6115733345486202,0.7134336333019096,1.0
0.4674678827983796,-0.38915809689547753,0.0
-1.3354763736507433,0.28388566321706227,0.0
-0.16067814777348288,0.5355553541727476,0.0
-0.28265608399960956,-0.8513960358797698,0.0
-0.1981701256541709,-0.3333175678107569,0.0
1.5194974896754625,2.9703544469085656,1.0
0.6991674470710663,-1.0757577883211922,0.0
-1.4678727528038802,0.4158575994532612,0.0
0.9811810976309548,2.0007119703133367,1.0
0.4368960465486269,-1.1183620596690227,0.0
-0.7815354602601512,0.7554863515906793,0.0
0.2917251491975456,0.020389401423244465,0.0
-0.6115733345486202,0.7134336333019096,1.0
0.4674678827983796,-0.38915809689547753,0.0
-1.3354763736507433,0.28388566321706227,0.0
-0.16067814777348288,0.5355553541727476,0.0
-0.28265608399960956,-0.8513960358797698,0.0
-0.1981701256541709,-0.3333175678107569,0.0
1.5194974896754625,2.9703544469085656,1.0
0.6991674470710663,-1.0757577883211922,0.0
-1.4678727528038802,0.4158575994532612,0.0
0.9811810976309548,2.0007119703133367,1.0
0.4368960465486269,-1.1183620596690227,0.0
-0.7815354602601512,0.7554863515906793,0.0
0.2917251491975456,0.020389401423244465,0.0
-0.6115733345486202,0.7134336333019096,1.0
0.4674678827983796,-0.38915809689547753,0.0
-1.3354763736507433,0.28388566321706227,0.0
-0.16067814777348288,0.5355553541727476,0.0
-0.28265608399960956,-0.8513960358797698,0.0
-0.1981701256541709,-0.3333175678107569,0.0
1.5194974896754625,2.9703544469085656,1.0
0.6991674470710663,-1.0757577883211922,0.0
-1.4678727528038802,0.4158575994532612,0.0
0.9811810976309548,2.0007119703133367,1.0
0.4368960465486269,-1.1183620596690227,0.0
-0.7815354602601512,0.7554863515906793,0.0
0.2917251491975456,0.020389401423244465,0.0
-0.6115733345486202,0.7134336333019096,1.0
0.4674678827983796,-0.38915809689547753,0.0
-1.3354763736507433,0.28388566321706227,0.0
-0.16067814777348288,0.5355553541727476,0.0
-0.28265608399960956,-0.8513960358797698,0.0
-0.1981701256541709,-0.3333175678107569,0.0
1.5194974896754625,2.9703544469085656,1.0
0.6991674470710663,-1.0757577883211922,0.0
-1.4678727528038802,0.4158575994532612,0.0
0.9811810976309548,2.0007119703133367,1.0
0.4368960465486269,-1.1183620596690227,0.0
-0.7815354602601512,0.7554863515906793,0.0
0.2917251491975456,0.020389401423244465,0.0
-0.6115733345486202,0.7134336333019096,1.0
0.4674678827983796,-0.38915809689547753,0.0
-1.3354763736507433,0.28388566321706227,0.0
-0.16067814777348288,0.5355553541727476,0.0
-0.28265608399960956,-0.8513960358797698,0.0
-0.1981701256541709,-0.3333175678107569,0.0
1.5194974896754625,2.9703544469085656,1.0
0.6991674470710663,-1.0757577883211922,0.0
-1.4678727528038802,0.4158575994532612,0.0
0.9811810976309548,2.0007119703133367,1.0
0.4368960465486269,-1.1183620596690227,0.0
-0.7815354602601512,0.7554863515906793,0.0
0.2917251491975456,0.020389401423244465,0.0
-0.6115733345486202,0.7134336333019096,1.0
0.4674678827983796,-0.38915809689547753,0.0
-1.3354763736507433,0.28388566321706227,0.0
-0.16067814777348288,0.5355553541727476,0.0
-0.28265608399960956,-0.8513960358797698,0.0
-0.1981701256541709,-0.3333175678107569,0.0
1.5194974896754625,2.9703544469085656,1.0
0.6991674470710663,-1.0757577883211922,0.0
-1.4678727528038802,0.4158575994532612,0.0
0.9811810976309548,2.0007119703133367,1.0
0.4368960465486269,-1.1183620596690227,0.0
-0.7815354602601512,0.7554863515906793,0.0
0.2917251491975456,0.020389401423244465,0.0
-0.6115733345486202,0.7134336333019096,1.0
0.4674678827983796,-0.38915809689547753,0.0
-1.3354763736507433,0.28388566321706227,0.0
-0.16067814777348288,0.5355553541727476,0.0
-0.28265608399960956,-0.8513960358797698,0.0
-0.1981701256541709,-0.3333175678107569,0.0
1.5194974896754625,2.9703544469085656,1.0
0.6991674470710663,-1.0757577883211922,0.0
-1.4678727528038802,0.4158575994532612,0.0
0.9811810976309548,2.0007119703133367,1.0
0.4368960465486269,-1.1183620596690227,0.0
-0.7815354602601512,0.7554863515906793,0.0
0.2917251491975456,0.020389401423244465,0.0
-0.6115733345486202,0.7134336333019096,1.0
0.4674678827983796,-0.38915809689547753,0.0
-1.3354763736507433,0.28388566321706227,0.0
-0.16067814777348288,0.5355553541727476,0.0
-0.28265608399960956,-0.8513960358797698,0.0
-0.1981701256541709,-0.3333175678107569,0.0
1.5194974896754625,2.9703544469085656,1.0
0.6991674470710663,-1.0757577883211922,0.0
-1.4678727528038802,0.4158575994532612,0.0
0.9811810976309548,2.0007119703133367,1.0
0.4368960465486269,-1.1183620596690227,0.0
-0.7815354602601512,0.7554863515906793,0.0
0.2917251491975456,0.020389401423244465,0.0
-0.6115733345486202,0.7134336333019096,1.0
0.4674678827983796,-0.38915809689547753,0.0
-1.3354763736507433,0.28388566321706227,0.0
-0.16067814777348288,0.5355553541727476,0.0
-0.28265608399960956,-0.8513960358797698,0.0
-0.1981701256541709,-0.3333175678107569,0.0
1.5194974896754625,2.9703544469085656,1.0
0.6991674470710663,-1.0757577883211922,0.0
-1.4678727528038802,0.4158575994532612,0.0
0.9811810976309548,2.0007119703133367,1.0
0.4368960465486269,-1.1183620596690227,0.0
-0.7815354602601512,0.7554863515906793,0.0
0.2917251491975456,0.020389401423244465,0.0
-0.6115733345486202,0.7134336333019096,1.0
0.4674678827983796,-0.38915809689547753,0.0
-1.3354763736507433,0.28388566321706227,0.0
-0.16067814777348288,0.5355553541727476,0.0
-0.28265608399960956,-0.8513960358797698,0.0
-0.1981701256541709,-0.3333175678107569,0.0
1.5194974896754625,2.9703544469085656,1.0
0.6991674470710663,-1.0757577883211922,0.0
-1.4678727528038802,0.4158575994532612,0.0
0.9811810976309548,2.0007119703133367,1.0
0.4368960465486269,-1.1183620596690227,0.0
-0.7815354602601512,0.7554863515906793,0.0
0.2917251491975456,0.020389401423244465,0.0
-0.6115733345486202,0.7134336333019096,1.0
0.4674678827983796,-0.38915809689547753,0.0
-1.3354763736507433,0.28388566321706227,0.0
-0.16067814777348288,0.5355553541727476,0.0
-0.28265608399960956,-0.8513960358797698,0.0
-0.1981701256541709,-0.3333175678107569,0.0
1.5194974896754625,2.9703544469085656,1.0
0.6991674470710663,-1.0757577883211922,0.0
-1.4678727528038802,0.4158575994532612,0.0
0.9811810976309548,2.0007119703133367,1.0
0.4368960465486269,-1.1183620596690227,0.0
-0.7815354602601512,0.7554863515906793,0.0
0.2917251491975456,0.020389401423244465,0.0
-0.6115733345486202,0.7134336333019096,1.0
0.4674678827983796,-0.38915809689547753,0.0
-1.3354763736507433,0.28388566321706227,0.0
-0.16067814777348288,0.5355553541727476,0.0
-0.28265608399960956,-0.8513960358797698,0.0
-0.1981701256541709,-0.3333175678107569,0.0
1.5194974896754625,2.9703544469085656,1.0
0.6991674470710663,-1.0757577883211922,0.0
-1.4678727528038802,0.4158575994532612,0.0
0.9811810976309548,2.0007119703133367,1.0
0.4368960465486269,-1.1183620596690227,0.0
-0.7815354602601512,0.7554863515906793,0.0
0.2917251491975456,0.020389401423244465,0.0
-0.6115733345486202,0.7134336333019096,1.0
0.4674678827983796,-0.38915809689547753,0.0
-1.3354763736507433,0.28388566321706227,0.0
-0.16067814777348288,0.5355553541727476,0.0
-0.28265608399960956,-0.8513960358797698,0.0
-0.1981701256541709,-0.3333175678107569,0.0
1.5194974896754625,2.9703544469085656,1.0
0.6991674470710663,-1.0757577883211922,0.0
-1.4678727528038802,0.4158575994532612,0.0
0.9811810976309548,2.0007119703133367,1.0
0.4368960465486269,-1.1183620596690227,0.0
-0.7815354602601512,0.7554863515906793,0.0
0.2917251491975456,0.020389401423244465,0.0
-0.6115733345486202,0.7134336333019096,1.0
0.4674678827983796,-0.38915809689547753,0.0
-1.3354763736507433,0.28388566321706227,0.0
-0.16067814777348288,0.5355553541727476,0.0
-0.28265608399960956,-0.8513960358797698,0.0
-0.1981701256541709,-0.3333175678107569,0.0
1.5194974896754625,2.9703544469085656,1.0
0.6991674470710663,-1.0757577883211922,0.0
-1.4678727528038802,0.4158575994532612,0.0
0.9811810976309548,2.0007119703133367,1.0
0.4368960465486269,-1.1183620596690227,0.0
-0.7815354602601512,0.7554863515906793,0.0
0.2917251491975456,0.020389401423244465,0.0
-0.6115733345486202,0.7134336333019096,1.0
0.4674678827983796,-0.38915809689547753,0.0
-1.3354763736507433,0.28388566321706227,0.0
-0.16067814777348288,0.5355553541727476,0.0
-0.28265608399960956,-0.8513960358797698,0.0
-0.1981701256541709,-0.3333175678107569,0.0
1.5194974896754625,2.9703544469085656,1.0
0.6991674470710663,-1.0757577883211922,0.0
-1.4678727528038802,0.4158575994532612,0.0
0.9811810976309548,2.0007119703133367,1.0
0.4368960465486269,-1.1183620596690227,0.0
-0.7815354602601512,0.7554863515906793,0.0
0.2917251491975456,0.020389401423244465,0.0
-0.6115733345486202,0.7134336333019096,1.0
0.4674678827983796,-0.38915809689547753,0.0
-1.3354763736507433,0.28388566321706227,0.0
-0.16067814777348288,0.5355553541727476,0.0
-0.28265608399960956,-0.8513960358797698,0.0
-0.1981701256541709,-0.3333175678107569,0.0
1.5194974896754625,2.9703544469085656,1.0
0.6991674470710663,-1.0757577883211922,0.0
-1.4678727528038802,0.4158575994532612,0.0
0.9811810976309548,2.0007119703133367,1.0
0.4368960465486269,-1.1183620596690227,0.0
-0.7815354602601512,0.7554863515906793,0.0
0.2917251491975456,0.020389401423244465,0.0
-0.6115733345486202,0.7134336333019096,1.0
0.4674678827983796,-0.38915809689547753,0.0
-1.3354763736507433,0.28388566321706227,0.0
-0.16067814777348288,0.5355553541727476,0.0
-0.28265608399960956,-0.8513960358797698,0.0
-0.1981701256541709,-0.3333175678107569,0.0
1.5194974896754625,2.9703544469085656,1.0
0.6991674470710663,-1.0757577883211922,0.0
-1.4678727528038802,0.4158575994532612,0.0
0.9811810976309548,2.0007119703133367,1.0
0.4368960465486269,-1.1183620596690227,0.0
-0.7815354602601512,0.7554863515906793,0.0
0.2917251491975456,0.020389401423244465,0.0
-0.6115733345486202,0.7134336333019096,1.0
0.4674678827983796,-0.38915809689547753,0.0
-1.3354763736507433,0.28388566321706227,0.0
-0.16067814777348288,0.5355553541727476,0.0
-0.28265608399960956,-0.8513960358797698,0.0
-0.1981701256541709,-0.3333175678107569,0.0
1.5194974896754625,2.9703544469085656,1.0
0.6991674470710663,-1.0757577883211922,0.0
-1.4678727528038802,0.4158575994532612,0.0
0.9811810976309548,2.0007119703133367,1.0
0.4368960465486269,-1.1183620596690227,0.0
-0.7815354602601512,0.7554863515906793,0.0
0.2917251491975456,0.020389401423244465,0.0
-0.6115733345486202,0.7134336333019096,1.0
0.4674678827983796,-0.38915809689547753,0.0
-1.3354763736507433,0.28388566321706227,0.0
-0.16067814777348288,0.5355553541727476,0.0
-0.28265608399960956,-0.8513960358797698,0.0
-0.1981701256541709,-0.3333175678107569,0.0
1.5194974896754625,2.9703544469085656,1.0
0.6991674470710663,-1.0757577883211922,0.0
-1.4678727528038802,0.4158575994532612,0.0
0.9811810976309548,2.0007119703133367,1.0
0.4368960465486269,-1.1183620596690227,0.0
-0.7815354602601512,0.7554863515906793,0.0
0.2917251491975456,0.020389401423244465,0.0
-0.6115733345486202,0.7134336333019096,1.0
0.4674678827983796,-0.38915809689547753,0.0
-1.3354763736507433,0.28388566321706227,0.0
-0.16067814777348288,0.5355553541727476,0.0
-0.28265608399960956,-0.8513960358797698,0.0
-0.1981701256541709,-0.3333175678107569,0.0
1.5194974896754625,2.9703544469085656,1.0
0.6991674470710663,-1.0757577883211922,0.0
-1.4678727528038802,0.4158575994532612,0.0
0.9811810976309548,2.0007119703133367,1.0
0.4368960465486269,-1.1183620596690227,0.0
-0.7815354602601512,0.7554863515906793,0.0
0.2917251491975456,0.020389401423244465,0.0
-0.6115733345486202,0.7134336333019096,1.0
0.4674678827983796,-0.38915809689547753,0.0
-1.3354763736507433,0.28388566321706227,0.0
-0.16067814777348288,0.5355553541727476,0.0
-0.28265608399960956,-0.8513960358797698,0.0
-0.1981701256541709,-0.3333175678107569,0.0
1.5194974896754625,2.9703544469085656,1.0
0.6991674470710663,-1.0757577883211922,0.0
-1.4678727528038802,0.4158575994532612,0.0
0.9811810976309548,2.0007119703133367,1.0
0.4368960465486269,-1.1183620596690227,0.0
-0.7815354602601512,0.7554863515906793,0.0
0.2917251491975456,0.020389401423244465,0.0
-0.6115733345486202,0.7134336333019096,1.0
0.4674678827983796,-0.38915809689547753,0.0
-1.3354763736507433,0.28388566321706227,0.0
-0.16067814777348288,0.5355553541727476,0.0
-0.28265608399960956,-0.8513960358797698,0.0
-0.1981701256541709,-0.3333175678107569,0.0
1.5194974896754625,2.9703544469085656,1.0
0.6991674470710663,-1.0757577883211922,0.0
-1.4678727528038802,0.4158575994532612,0.0
0.9811810976309548,2.0007119703133367,1.0
0.4368960465486269,-1.1183620596690227,0.0
-0.7815354602601512,0.7554863515906793,0.0
0.2917251491975456,0.020389401423244465,0.0
-0.6115733345486202,0.7134336333019096,1.0
0.4674678827983796,-0.38915809689547753,0.0
-1.3354763736507433,0.28388566321706227,0.0
-0.16067814777348288,0.5355553541727476,0.0
-0.28265608399960956,-0.8513960358797698,0.0
-0.23907775863570227,-0.3483014847525098,0.0
2.718662473198687,1.3959306504719227,1.0
-0.8249557021905839,0.7008108749685963,0.0
-1.2667819838915333,-0.04025618099357283,0.0
0.5083755157799109,-0.37417417995372376,0.0
-0.6654487681063158,0.6998729878125408,0.0
0.22361750232771396,-1.8225028825112741,0.0
1.5400213791636224,-1.9928279144644487,0.0
-0.3095338222918228,-0.18900917036208187,0.0
-0.13352135818526775,-0.3540531913464192,0.0
-1.7390278918924937,0.7713426696301005,0.0
-0.4861851867425495,-0.06504769287620611,0.0
0.3961037907218514,0.6749958534599795,0.0
0.8267853404340535,0.17164015884674172,1.0
-1.3354763736507433,0.28388566321706227,0.0
0.030999207239973868,-0.4839700522764681,0.0
-0.19840867238541834,-0.5478643195866234,0.0
-0.2824980005661346,-0.40297696137459316,0.0
2.718662473198687,1.3959306504719227,1.0
-0.8249557021905839,0.7008108749685963,0.0
-1.2667819838915333,-0.04025618099357283,0.0
0.5083755157799109,-0.37417417995372376,0.0
-0.6654487681063158,0.6998729878125408,0.0
0.22361750232771396,-1.8225028825112741,0.0
1.5400213791636224,-1.9928279144644487,0.0
-0.3095338222918228,-0.18900917036208187,0.0
-0.13352135818526775,-0.3540531913464192,0.0
-1.7390278918924937,0.7713426696301005,0.0
-0.4861851867425495,-0.06504769287620611,0.0
0.3961037907218514,0.6749958534599795,0.0
0.8267853404340535,0.17164015884674172,1.0
-1.3354763736507433,0.28388566321706227,0.0
0.030999207239973868,-0.4839700522764681,0.0
-0.19840867238541834,-0.5478643195866234,0.0
-0.2824980005661346,-0.40297696137459316,0.0
2.718662473198687,1.3959306504719227,1.0
-0.8249557021905839,0.7008108749685963,0.0
-1.2667819838915333,-0.04025618099357283,0.0
0.5083755157799109,-0.37417417995372376,0.0
-0.6654487681063158,0.6998729878125408,0.0
0.22361750232771396,-1.8225028825112741,0.0
1.5400213791636224,-1.9928279144644487,0.0
-0.3095338222918228,-0.18900917036208187,0.0
-0.13352135818526775,-0.3540531913464192,0.0
-1.7390278918924937,0.7713426696301005,0.0
-0.4861851867425495,-0.06504769287620611,0.0
0.3961037907218514,0.6749958534599795,0.0
0.8267853404340535,0.17164015884674172,1.0
-1.3354763736507433,0.28388566321706227,0.0
0.030999207239973868,-0.4839700522764681,0.0
-0.19840867238541834,-0.5478643195866234,0.0
-0.2824980005661346,-0.40297696137459316,0.0
2.718662473198687,1.3959306504719227,1.0
-0.8249557021905839,0.7008108749685963,0.0
-1.2667819838915333,-0.04025618099357283,0.0
0.5083755157799109,-0.37417417995372376,0.0
-0.6654487681063158,0.6998729878125408,0.0
0.22361750232771396,-1.8225028825112741,0.0
1.5400213791636224,-1.9928279144644487,0.0
-0.3095338222918228,-0.18900917036208187,0.0
-0.13352135818526775,-0.3540531913464192,0.0
-1.7390278918924937,0.7713426696301005,0.0
-0.4861851867425495,-0.06504769287620611,0.0
0.3961037907218514,0.6749958534599795,0.0
0.8267853404340535,0.17164015884674172,1.0
-1.3354763736507433,0.28388566321706227,0.0
0.030999207239973868,-0.4839700522764681,0.0
-0.19840867238541834,-0.5478643195866234,0.0
-0.2824980005661346,-0.40297696137459316,0.0
2.718662473198687,1.3959306504719227,1.0
-0.8249557021905839,0.7008108749685963,0.0
-1.2667819838915333,-0.04025618099357283,0.0
0.5083755157799109,-0.37417417995372376,0.0
-0.6654487681063158,0.6998729878125408,0.0
0.22361750232771396,-1.8225028825112741,0.0
1.5400213791636224,-1.9928279144644487,0.0
-0.3095338222918228,-0.18900917036208187,0.0
-0.13352135818526775,-0.3540531913464192,0.0
-1.7390278918924937,0.7713426696301005,0.0
-0.4861851867425495,-0.06504769287620611,0.0
0.3961037907218514,0.6749958534599795,0.0
0.8267853404340535,0.17164015884674172,1.0
-1.3354763736507433,0.28388566321706227,0.0
0.030999207239973868,-0.4839700522764681,0.0
-0.19840867238541834,-0.5478643195866234,0.0
-0.2824980005661346,-0.40297696137459316,0.0
2.718662473198687,1.3959306504719227,1.0
-0.8249557021905839,0.7008108749685963,0.0
-1.2667819838915333,-0.04025618099357283,0.0
0.5083755157799109,-0.37417417995372376,0.0
-0.6654487681063158,0.6998729878125408,0.0
0.22361750232771396,-1.8225028825112741,0.0
1.5400213791636224,-1.9928279144644487,0.0
-0.3095338222918228,-0.18900917036208187,0.0
-0.13352135818526775,-0.3540531913464192,0.0
-1.7390278918924937,0.7713426696301005,0.0
-0.4861851867425495,-0.06504769287620611,0.0
0.3961037907218514,0.6749958534599795,0.0
0.8267853404340535,0.17164015884674172,1.0
-1.3354763736507433,0.28388566321706227,0.0
0.030999207239973868,-0.4839700522764681,0.0
-0.19840867238541834,-0.5478643195866234,0.0
-0.2824980005661346,-0.40297696137459316,0.0
2.718662473198687,1.3959306504719227,1.0
-0.8249557021905839,0.7008108749685963,0.0
-1.2667819838915333,-0.04025618099357283,0.0
0.5083755157799109,-0.37417417995372376,0.0
-0.6654487681063158,0.6998729878125408,0.0
0.22361750232771396,-1.8225028825112741,0.0
1.5400213791636224,-1.9928279144644487,0.0
-0.3095338222918228,-0.18900917036208187,0.0
-0.13352135818526775,-0.3540531913464192,0.0
-1.7390278918924937,0.7713426696301005,0.0
-0.4861851867425495,-0.06504769287620611,0.0
0.3961037907218514,0.6749958534599795,0.0
0.8267853404340535,0.17164015884674172,1.0
-1.3354763736507433,0.28388566321706227,0.0
0.030999207239973868,-0.4839700522764681,0.0
-0.19840867238541834,-0.5478643195866234,0.0
-0.2824980005661346,-0.40297696137459316,0.0
2.718662473198687,1.3959306504719227,1.0
-0.8249557021905839,0.7008108749685963,0.0
-1.2667819838915333,-0.04025618099357283,0.0
0.5083755157799109,-0.37417417995372376,0.0
-0.6654487681063158,0.6998729878125408,0.0
0.22361750232771396,-1.8225028825112741,0.0
1.5400213791636224,-1.9928279144644487,0.0
-0.3095338222918228,-0.18900917036208187,0.0
-0.13352135818526775,-0.3540531913464192,0.0
-1.7390278918924937,0.7713426696301005,0.0
-0.4861851867425495,-0.06504769287620611,0.0
0.3961037907218514,0.6749958534599795,0.0
0.8267853404340535,0.17164015884674172,1.0
-1.3354763736507433,0.28388566321706227,0.0
0.030999207239973868,-0.4839700522764681,0.0
-0.19840867238541834,-0.5478643195866234,0.0
-0.2824980005661346,-0.40297696137459316,0.0
2.718662473198687,1.3959306504719227,1.0
-0.8249557021905839,0.7008108749685963,0.0
-1.2667819838915333,-0.04025618099357283,0.0
0.5083755157799109,-0.37417417995372376,0.0
-0.6654487681063158,0.6998729878125408,0.0
0.22361750232771396,-1.8225028825112741,0.0
1.5400213791636224,-1.9928279144644487,0.0
-0.3095338222918228,-0.18900917036208187,0.0
-0.13352135818526775,-0.3540531913464192,0.0
-1.7390278918924937,0.7713426696301005,0.0
-0.4861851867425495,-0.06504769287620611,0.0
0.3961037907218514,0.6749958534599795,0.0
0.8267853404340535,0.17164015884674172,1.0
-1.3354763736507433,0.28388566321706227,0.0
0.030999207239973868,-0.4839700522764681,0.0
-0.19840867238541834,-0.5478643195866234,0.0
-0.2824980005661346,-0.40297696137459316,0.0
2.718662473198687,1.3959306504719227,1.0
-0.8249557021905839,0.7008108749685963,0.0
-1.2667819838915333,-0.04025618099357283,0.0
0.5083755157799109,-0.37417417995372376,0.0
-0.6654487681063158,0.6998729878125408,0.0
0.22361750232771396,-1.8225028825112741,0.0
1.5400213791636224,-1.9928279144644487,0.0
-0.3095338222918228,-0.18900917036208187,0.0
-0.13352135818526775,-0.3540531913464192,0.0
-1.7390278918924937,0.7713426696301005,0.0
-0.4861851867425495,-0.06504769287620611,0.0
0.3961037907218514,0.6749958534599795,0.0
0.8267853404340535,0.17164015884674172,1.0
-1.3354763736507433,0.28388566321706227,0.0
0.030999207239973868,-0.4839700522764681,0.0
-0.19840867238541834,-0.5478643195866234,0.0
-0.2824980005661346,-0.40297696137459316,0.0
2.718662473198687,1.3959306504719227,1.0
-0.8249557021905839,0.7008108749685963,0.0
-1.2667819838915333,-0.04025618099357283,0.0
0.5083755157799109,-0.37417417995372376,0.0
-0.6654487681063158,0.6998729878125408,0.0
0.22361750232771396,-1.8225028825112741,0.0
1.5400213791636224,-1.9928279144644487,0.0
-0.3095338222918228,-0.18900917036208187,0.0
-0.13352135818526775,-0.3540531913464192,0.0
-1.7390278918924937,0.7713426696301005,0.0
-0.4861851867425495,-0.06504769287620611,0.0
0.3961037907218514,0.6749958534599795,0.0
0.8267853404340535,0.17164015884674172,1.0
-1.3354763736507433,0.28388566321706227,0.0
0.030999207239973868,-0.4839700522764681,0.0
-0.19840867238541834,-0.5478643195866234,0.0
-0.2824980005661346,-0.40297696137459316,0.0
2.718662473198687,1.3959306504719227,1.0
-0.8249557021905839,0.7008108749685963,0.0
-1.2667819838915333,-0.04025618099357283,0.0
0.5083755157799109,-0.37417417995372376,0.0
-0.6654487681063158,0.6998729878125408,0.0
0.22361750232771396,-1.8225028825112741,0.0
1.5400213791636224,-1.9928279144644487,0.0
-0.3095338222918228,-0.18900917036208187,0.0
-0.13352135818526775,-0.3540531913464192,0.0
-1.7390278918924937,0.7713426696301005,0.0
-0.4861851867425495,-0.06504769287620611,0.0
0.3961037907218514,0.6749958534599795,0.0
0.8267853404340535,0.17164015884674172,1.0
-1.3354763736507433,0.28388566321706227,0.0
0.030999207239973868,-0.4839700522764681,0.0
-0.19840867238541834,-0.5478643195866234,0.0
-0.2824980005661346,-0.40297696137459316,0.0
2.718662473198687,1.3959306504719227,1.0
-0.8249557021905839,0.7008108749685963,0.0
-1.2667819838915333,-0.04025618099357283,0.0
0.5083755157799109,-0.37417417995372376,0.0
-0.6654487681063158,0.6998729878125408,0.0
0.22361750232771396,-1.8225028825112741,0.0
1.5400213791636224,-1.9928279144644487,0.0
-0.3095338222918228,-0.18900917036208187,0.0
-0.13352135818526775,-0.3540531913464192,0.0
-1.7390278918924937,0.7713426696301005,0.0
-0.4861851867425495,-0.06504769287620611,0.0
0.3961037907218514,0.6749958534599795,0.0
0.8267853404340535,0.17164015884674172,1.0
-1.3354763736507433,0.28388566321706227,0.0
0.030999207239973868,-0.4839700522764681,0.0
-0.19840867238541834,-0.5478643195866234,0.0
-0.2824980005661346,-0.40297696137459316,0.0
2.718662473198687,1.3959306504719227,1.0
-0.8249557021905839,0.7008108749685963,0.0
-1.2667819838915333,-0.04025618099357283,0.0
0.5083755157799109,-0.37417417995372376,0.0
-0.6654487681063158,0.6998729878125408,0.0
0.22361750232771396,-1.8225028825112741,0.0
1.5400213791636224,-1.9928279144644487,0.0
-0.3095338222918228,-0.18900917036208187,0.0
-0.13352135818526775,-0.3540531913464192,0.0
-1.7390278918924937,0.7713426696301005,0.0
-0.4861851867425495,-0.06504769287620611,0.0
0.3961037907218514,0.6749958534599795,0.0
0.8267853404340535,0.17164015884674172,1.0
-1.3354763736507433,0.28388566321706227,0.0
0.030999207239973868,-0.4839700522764681,0.0
-0.19840867238541834,-0.5478643195866234,0.0
-0.2824980005661346,-0.40297696137459316,0.0
2.718662473198687,1.3959306504719227,1.0
-0.8249557021905839,0.7008108749685963,0.0
-1.2667819838915333,-0.04025618099357283,0.0
0.5083755157799109,-0.37417417995372376,0.0
-0.6654487681063158,0.6998729878125408,0.0
0.22361750232771396,-1.8225028825112741,0.0
1.5400213791636224,-1.9928279144644487,0.0
-0.3095338222918228,-0.18900917036208187,0.0
-0.13352135818526775,-0.3540531913464192,0.0
-1.7390278918924937,0.7713426696301005,0.0
-0.4861851867425495,-0.06504769287620611,0.0
0.3961037907218514,0.6749958534599795,0.0
0.8267853404340535,0.17164015884674172,1.0
-1.3354763736507433,0.28388566321706227,0.0
0.030999207239973868,-0.4839700522764681,0.0
-0.19840867238541834,-0.5478643195866234,0.0
-0.2824980005661346,-0.40297696137459316,0.0
2.718662473198687,1.3959306504719227,1.0
-0.8249557021905839,0.7008108749685963,0.0
-1.2667819838915333,-0.04025618099357283,0.0
0.5083755157799109,-0.37417417995372376,0.0
-0.6654487681063158,0.6998729878125408,0.0
0.22361750232771396,-1.8225028825112741,0.0
1.5400213791636224,-1.9928279144644487,0.0
-0.3095338222918228,-0.18900917036208187,0.0
-0.13352135818526775,-0.3540531913464192,0.0
-1.7390278918924937,0.7713426696301005,0.0
-0.4861851867425495,-0.06504769287620611,0.0
0.3961037907218514,0.6749958534599795,0.0
0.8267853404340535,0.17164015884674172,1.0
-1.3354763736507433,0.28388566321706227,0.0
0.030999207239973868,-0.4839700522764681,0.0
-0.19840867238541834,-0.5478643195866234,0.0
-0.2824980005661346,-0.40297696137459316,0.0
2.718662473198687,1.3959306504719227,1.0
-0.8249557021905839,0.7008108749685963,0.0
-1.2667819838915333,-0.04025618099357283,0.0
0.5083755157799109,-0.37417417995372376,0.0
-0.6654487681063158,0.6998729878125408,0.0
0.22361750232771396,-1.8225028825112741,0.0
1.5400213791636224,-1.9928279144644487,0.0
-0.3095338222918228,-0.18900917036208187,0.0
-0.13352135818526775,-0.3540531913464192,0.0
-1.7390278918924937,0.7713426696301005,0.0
-0.4861851867425495,-0.06504769287620611,0.0
0.3961037907218514,0.6749958534599795,0.0
0.8267853404340535,0.17164015884674172,1.0
-1.3354763736507433,0.28388566321706227,0.0
0.030999207239973868,-0.4839700522764681,0.0
-0.19840867238541834,-0.5478643195866234,0.0
-0.2824980005661346,-0.40297696137459316,0.0
2.718662473198687,1.3959306504719227,1.0
-0.8249557021905839,0.7008108749685963,0.0
-1.2667819838915333,-0.04025618099357283,0.0
0.5083755157799109,-0.37417417995372376,0.0
-0.6654487681063158,0.6998729878125408,0.0
0.22361750232771396,-1.8225028825112741,0.0
1.5400213791636224,-1.9928279144644487,0.0
-0.3095338222918228,-0.18900917036208187,0.0
-0.13352135818526775,-0.3540531913464192,0.0
-1.7390278918924937,0.7713426696301005,0.0
-0.4861851867425495,-0.06504769287620611,0.0
0.3961037907218514,0.6749958534599795,0.0
0.8267853404340535,0.17164015884674172,1.0
-1.3354763736507433,0.28388566321706227,0.0
0.030999207239973868,-0.4839700522764681,0.0
-0.19840867238541834,-0.5478643195866234,0.0
-0.2824980005661346,-0.40297696137459316,0.0
2.718662473198687,1.3959306504719227,1.0
-0.8249557021905839,0.7008108749685963,0.0
-1.2667819838915333,-0.04025618099357283,0.0
0.5083755157799109,-0.37417417995372376,0.0
-0.6654487681063158,0.6998729878125408,0.0
0.22361750232771396,-1.8225028825112741,0.0
1.5400213791636224,-1.9928279144644487,0.0
-0.3095338222918228,-0.18900917036208187,0.0
-0.13352135818526775,-0.3540531913464192,0.0
-1.7390278918924937,0.7713426696301005,0.0
-0.4861851867425495,-0.06504769287620611,0.0
0.3961037907218514,0.6749958534599795,0.0
0.8267853404340535,0.17164015884674172,1.0
-1.3354763736507433,0.28388566321706227,0.0
0.030999207239973868,-0.4839700522764681,0.0
-0.19840867238541834,-0.5478643195866234,0.0
-0.2824980005661346,-0.40297696137459316,0.0
2.718662473198687,1.3959306504719227,1.0
-0.8249557021905839,0.7008108749685963,0.0
-1.2667819838915333,-0.04025618099357283,0.0
0.5083755157799109,-0.37417417995372376,0.0
-0.6654487681063158,0.6998729878125408,0.0
0.22361750232771396,-1.8225028825112741,0.0
1.5400213791636224,-1.9928279144644487,0.0
-0.3095338222918228,-0.18900917036208187,0.0
-0.13352135818526775,-0.3540531913464192,0.0
-1.7390278918924937,0.7713426696301005,0.0
-0.4861851867425495,-0.06504769287620611,0.0
0.3961037907218514,0.6749958534599795,0.0
0.8267853404340535,0.17164015884674172,1.0
-1.3354763736507433,0.28388566321706227,0.0
0.030999207239973868,-0.4839700522764681,0.0
-0.19840867238541834,-0.5478643195866234,0.0
-0.2824980005661346,-0.40297696137459316,0.0
2.718662473198687,1.3959306504719227,1.0
-0.8249557021905839,0.7008108749685963,0.0
-1.2667819838915333,-0.04025618099357283,0.0
0.5083755157799109,-0.37417417995372376,0.0
-0.6654487681063158,0.6998729878125408,0.0
0.22361750232771396,-1.8225028825112741,0.0
1.5400213791636224,-1.9928279144644487,0.0
-0.3095338222918228,-0.18900917036208187,0.0
-0.13352135818526775,-0.3540531913464192,0.0
-1.7390278918924937,0.7713426696301005,0.0
-0.4861851867425495,-0.06504769287620611,0.0
0.3961037907218514,0.6749958534599795,0.0
0.8267853404340535,0.17164015884674172,1.0
-1.3354763736507433,0.28388566321706227,0.0
0.030999207239973868,-0.4839700522764681,0.0
-0.19840867238541834,-0.5478643195866234,0.0
-0.2824980005661346,-0.40297696137459316,0.0
2.718662473198687,1.3959306504719227,1.0
-0.8249557021905839,0.7008108749685963,0.0
-1.2667819838915333,-0.04025618099357283,0.0
0.5083755157799109,-0.37417417995372376,0.0
-0.6654487681063158,0.6998729878125408,0.0
0.22361750232771396,-1.8225028825112741,0.0
1.5400213791636224,-1.9928279144644487,0.0
-0.3095338222918228,-0.18900917036208187,0.0
-0.13352135818526775,-0.3540531913464192,0.0
-1.7390278918924937,0.7713426696301005,0.0
-0.4861851867425495,-0.06504769287620611,0.0
0.3961037907218514,0.6749958534599795,0.0
0.8267853404340535,0.17164015884674172,1.0
-1.3354763736507433,0.28388566321706227,0.0
0.030999207239973868,-0.4839700522764681,0.0
-0.19840867238541834,-0.5478643195866234,0.0
-0.2824980005661346,-0.40297696137459316,0.0
2.718662473198687,1.3959306504719227,1.0
-0.8249557021905839,0.7008108749685963,0.0
-1.2667819838915333,-0.04025618099357283,0.0
0.5083755157799109,-0.37417417995372376,0.0
-0.6654487681063158,0.6998729878125408,0.0
0.22361750232771396,-1.8225028825112741,0.0
1.5400213791636224,-1.9928279144644487,0.0
-0.3095338222918228,-0.18900917036208187,0.0
-0.13352135818526775,-0.3540531913464192,0.0
-1.7390278918924937,0.7713426696301005,0.0
-0.4861851867425495,-0.06504769287620611,0.0
0.3961037907218514,0.6749958534599795,0.0
0.8267853404340535,0.17164015884674172,1.0
-1.3354763736507433,0.28388566321706227,0.0
0.030999207239973868,-0.4839700522764681,0.0
-0.19840867238541834,-0.5478643195866234,0.0
-0.2824980005661346,-0.40297696137459316,0.0
2.718662473198687,1.3959306504719227,1.0
-0.8249557021905839,0.7008108749685963,0.0
-1.2667819838915333,-0.04025618099357283,0.0
0.5083755157799109,-0.37417417995372376,0.0
-0.6654487681063158,0.6998729878125408,0.0
0.22361750232771396,-1.8225028825112741,0.0
1.5400213791636224,-1.9928279144644487,0.0
-0.3095338222918228,-0.18900917036208187,0.0
-0.13352135818526775,-0.3540531913464192,0.0
-1.7390278918924937,0.7713426696301005,0.0
-0.4861851867425495,-0.06504769287620611,0.0
0.3961037907218514,0.6749958534599795,0.0
0.8267853404340535,0.17164015884674172,1.0
-1.3354763736507433,0.28388566321706227,0.0
0.030999207239973868,-0.4839700522764681,0.0
-0.19840867238541834,-0.5478643195866234,0.0
-0.2824980005661346,-0.40297696137459316,0.0
2.718662473198687,1.3959306504719227,1.0
-0.8249557021905839,0.7008108749685963,0.0
-1.2667819838915333,-0.04025618099357283,0.0
0.5083755157799109,-0.37417417995372376,0.0
-0.6654487681063158,0.6998729878125408,0.0
0.22361750232771396,-1.8225028825112741,0.0
1.5400213791636224,-1.9928279144644487,0.0
-0.3095338222918228,-0.18900917036208187,0.0
-0.13352135818526775,-0.3540531913464192,0.0
-1.7390278918924937,0.7713426696301005,0.0
-0.4861851867425495,-0.06504769287620611,0.0
0.3961037907218514,0.6749958534599795,0.0
0.8267853404340535,0.17164015884674172,1.0
-1.3354763736507433,0.28388566321706227,0.0
0.030999207239973868,-0.4839700522764681,0.0
-0.19840867238541834,-0.5478643195866234,0.0
-0.2824980005661346,-0.40297696137459316,0.0
2.718662473198687,1.3959306504719227,1.0
-0.8249557021905839,0.7008108749685963,0.0
-1.2667819838915333,-0.04025618099357283,0.0
0.5083755157799109,-0.37417417995372376,0.0
-0.6654487681063158,0.6998729878125408,0.0
0.22361750232771396,-1.8225028825112741,0.0
1.5400213791636224,-1.9928279144644487,0.0
-0.3095338222918228,-0.18900917036208187,0.0
-0.13352135818526775,-0.3540531913464192,0.0
-1.7390278918924937,0.7713426696301005,0.0
-0.4861851867425495,-0.06504769287620611,0.0
0.3961037907218514,0.6749958534599795,0.0
0.8267853404340535,0.17164015884674172,1.0
-1.3354763736507433,0.28388566321706227,0.0
0.030999207239973868,-0.4839700522764681,0.0
-0.19840867238541834,-0.5478643195866234,0.0
-0.2824980005661346,-0.40297696137459316,0.0
2.718662473198687,1.3959306504719227,1.0
-0.8249557021905839,0.7008108749685963,0.0
-1.2667819838915333,-0.04025618099357283,0.0
0.5083755157799109,-0.37417417995372376,0.0
-0.6654487681063158,0.6998729878125408,0.0
0.22361750232771396,-1.8225028825112741,0.0
1.5400213791636224,-1.9928279144644487,0.0
-0.3095338222918228,-0.18900917036208187,0.0
-0.13352135818526775,-0.3540531913464192,0.0
-1.7390278918924937,0.7713426696301005,0.0
-0.4861851867425495,-0.06504769287620611,0.0
0.3961037907218514,0.6749958534599795,0.0
0.8267853404340535,0.17164015884674172,1.0
-1.3354763736507433,0.28388566321706227,0.0
0.030999207239973868,-0.4839700522764681,0.0
-0.19840867238541834,-0.5478643195866234,0.0
-0.2824980005661346,-0.40297696137459316,0.0
2.718662473198687,1.3959306504719227,1.0
-0.8249557021905839,0.7008108749685963,0.0
-1.2667819838915333,-0.04025618099357283,0.0
0.5083755157799109,-0.37417417995372376,0.0
-0.6654487681063158,0.6998729878125408,0.0
0.22361750232771396,-1.8225028825112741,0.0
1.5400213791636224,-1.9928279144644487,0.0
-0.3095338222918228,-0.18900917036208187,0.0
-0.13352135818526775,-0.3540531913464192,0.0
-1.7390278918924937,0.7713426696301005,0.0
-0.4861851867425495,-0.06504769287620611,0.0
0.3961037907218514,0.6749958534599795,0.0
0.8267853404340535,0.17164015884674172,1.0
-1.3354763736507433,0.28388566321706227,0.0
0.030999207239973868,-0.4839700522764681,0.0
-0.19840867238541834,-0.5478643195866234,0.0
-0.2824980005661346,-0.40297696137459316,0.0
2.718662473198687,1.3959306504719227,1.0
-0.8249557021905839,0.7008108749685963,0.0
-1.2667819838915333,-0.04025618099357283,0.0
0.5083755157799109,-0.37417417995372376,0.0
-0.6654487681063158,0.6998729878125408,0.0
0.22361750232771396,-1.8225028825112741,0.0
1.5400213791636224,-1.9928279144644487,0.0
-0.3095338222918228,-0.18900917036208187,0.0
-0.13352135818526775,-0.3540531913464192,0.0
-1.7390278918924937,0.7713426696301005,0.0
-0.4861851867425495,-0.06504769287620611,0.0
0.3961037907218514,0.6749958534599795,0.0
0.8267853404340535,0.17164015884674172,1.0
-1.3354763736507433,0.28388566321706227,0.0
0.030999207239973868,-0.4839700522764681,0.0
-0.19840867238541834,-0.5478643195866234,0.0
-0.2824980005661346,-0.40297696137459316,0.0
2.718662473198687,1.3959306504719227,1.0
-0.8249557021905839,0.7008108749685963,0.0
-1.2667819838915333,-0.04025618099357283,0.0
0.5083755157799109,-0.37417417995372376,0.0
-0.6654487681063158,0.6998729878125408,0.0
0.22361750232771396,-1.8225028825112741,0.0
1.5400213791636224,-1.9928279144644487,0.0
-0.3095338222918228,-0.18900917036208187,0.0
-0.13352135818526775,-0.3540531913464192,0.0
-1.7390278918924937,0.7713426696301005,0.0
-0.4861851867425495,-0.06504769287620611,0.0
0.3961037907218514,0.6749958534599795,0.0
0.8267853404340535,0.17164015884674172,1.0
-1.3354763736507433,0.28388566321706227,0.0
0.030999207239973868,-0.4839700522764681,0.0
-0.19840867238541834,-0.5478643195866234,0.0
3.1625614836240157,0.9016764909001446,1.0
-0.13352135818526775,-0.3540531913464192,0.0
-1.1761026046986531,0.21123900957240266,0.0
0.44148775643550797,-0.43684105257130573,0.0
-1.1173539135387167,0.1732968867436415,0.0
0.7625909701998825,-0.558069735397724,0.0
-0.20850883738169648,0.7561856168202379,0.0
0.3561718967952029,-0.05070255948216616,1.0
1.0771053319785404,-1.6791353015478765,0.0
-1.3626128672129454,0.37885135189887065,0.0
0.5818227118667182,-0.25113235243052656,0.0
0.6224781274630237,-0.497183151771674,0.0
-1.3232361920953697,0.2507671273944466,0.0
0.5173759522648957,-0.42011378270437577,0.0
-1.3746416234846386,0.23835153179482357,0.0
0.47199198655123875,0.6917231233269096,0.0
0.3561718967952029,-0.05070255948216616,1.0
-0.20244673218881706,-0.5626936961552326,0.0
-0.051662067229555735,-1.1107504450611574,0.0
3.203469116605546,0.9166604078418977,1.0
-0.13352135818526775,-0.3540531913464192,0.0
-1.1761026046986531,0.21123900957240266,0.0
0.44148775643550797,-0.43684105257130573,0.0
-1.1173539135387167,0.1732968867436415,0.0
0.7625909701998825,-0.558069735397724,0.0
-0.20850883738169648,0.7561856168202379,0.0
0.3561718967952029,-0.05070255948216616,1.0
1.0771053319785404,-1.6791353015478765,0.0
-1.3626128672129454,0.37885135189887065,0.0
0.5818227118667182,-0.25113235243052656,0.0
0.6224781274630237,-0.497183151771674,0.0
-1.3232361920953697,0.2507671273944466,0.0
0.5173759522648957,-0.42011378270437577,0.0
-1.3746416234846386,0.23835153179482357,0.0
0.47199198655123875,0.6917231233269096,0.0
0.3561718967952029,-0.05070255948216616,1.0
-0.20244673218881706,-0.5626936961552326,0.0
-0.051662067229555735,-1.1107504450611574,0.0
3.203469116605546,0.9166604078418977,1.0
-0.13352135818526775,-0.3540531913464192,0.0
-1.1761026046986531,0.21123900957240266,0.0
0.44148775643550797,-0.43684105257130573,0.0
-1.1173539135387167,0.1732968867436415,0.0
0.7625909701998825,-0.558069735397724,0.0
-0.20850883738169648,0.7561856168202379,0.0
0.3561718967952029,-0.05070255948216616,1.0
1.0771053319785404,-1.6791353015478765,0.0
-1.3626128672129454,0.37885135189887065,0.0
0.5818227118667182,-0.25113235243052656,0.0
0.6224781274630237,-0.497183151771674,0.0
-1.3232361920953697,0.2507671273944466,0.0
0.5173759522648957,-0.42011378270437577,0.0
-1.3746416234846386,0.23835153179482357,0.0
0.47199198655123875,0.6917231233269096,0.0
0.3561718967952029,-0.05070255948216616,1.0
-0.20244673218881706,-0.5626936961552326,0.0
-0.051662067229555735,-1.1107504450611574,0.0
3.203469116605546,0.9166604078418977,1.0
-0.13352135818526775,-0.3540531913464192,0.0
-1.1761026046986531,0.21123900957240266,0.0
0.44148775643550797,-0.43684105257130573,0.0
-1.1173539135387167,0.1732968867436415,0.0
0.7625909701998825,-0.558069735397724,0.0
-0.20850883738169648,0.7561856168202379,0.0
0.3561718967952029,-0.05070255948216616,1.0
1.0771053319785404,-1.6791353015478765,0.0
-1.3626128672129454,0.37885135189887065,0.0
0.5818227118667182,-0.25113235243052656,0.0
0.6224781274630237,-0.497183151771674,0.0
-1.3232361920953697,0.2507671273944466,0.0
0.5173759522648957,-0.42011378270437577,0.0
-1.3746416234846386,0.23835153179482357,0.0
0.47199198655123875,0.6917231233269096,0.0
0.3561718967952029,-0.05070255948216616,1.0
-0.20244673218881706,-0.5626936961552326,0.0
-0.051662067229555735,-1.1107504450611574,0.0
3.203469116605546,0.9166604078418977,1.0
-0.13352135818526775,-0.3540531913464192,0.0
-1.1761026046986531,0.21123900957240266,0.0
0.44148775643550797,-0.43684105257130573,0.0
-1.1173539135387167,0.1732968867436415,0.0
0.7625909701998825,-0.558069735397724,0.0
-0.20850883738169648,0.7561856168202379,0.0
0.3561718967952029,-0.05070255948216616,1.0
1.0771053319785404,-1.6791353015478765,0.0
-1.3626128672129454,0.37885135189887065,0.0
0.5818227118667182,-0.25113235243052656,0.0
0.6224781274630237,-0.497183151771674,0.0
-1.3232361920953697,0.2507671273944466,0.0
0.5173759522648957,-0.42011378270437577,0.0
-1.3746416234846386,0.23835153179482357,0.0
0.47199198655123875,0.6917231233269096,0.0
0.3561718967952029,-0.05070255948216616,1.0
-0.20244673218881706,-0.5626936961552326,0.0
-0.051662067229555735,-1.1107504450611574,0.0
3.203469116605546,0.9166604078418977,1.0
-0.13352135818526775,-0.3540531913464192,0.0
-1.1761026046986531,0.21123900957240266,0.0
0.44148775643550797,-0.43684105257130573,0.0
-1.1173539135387167,0.1732968867436415,0.0
0.7625909701998825,-0.558069735397724,0.0
-0.20850883738169648,0.7561856168202379,0.0
0.3561718967952029,-0.05070255948216616,1.0
1.0771053319785404,-1.6791353015478765,0.0
-1.3626128672129454,0.37885135189887065,0.0
0.5818227118667182,-0.25113235243052656,0.0
0.6224781274630237,-0.497183151771674,0.0
-1.3232361920953697,0.2507671273944466,0.0
0.5173759522648957,-0.42011378270437577,0.0
-1.3746416234846386,0.23835153179482357,0.0
0.47199198655123875,0.6917231233269096,0.0
0.3561718967952029,-0.05070255948216616,1.0
-0.20244673218881706,-0.5626936961552326,0.0
-0.051662067229555735,-1.1107504450611574,0.0
3.203469116605546,0.9166604078418977,1.0
-0.13352135818526775,-0.3540531913464192,0.0
-1.1761026046986531,0.21123900957240266,0.0
0.44148775643550797,-0.43684105257130573,0.0
-1.1173539135387167,0.1732968867436415,0.0
0.7625909701998825,-0.558069735397724,0.0
-0.20850883738169648,0.7561856168202379,0.0
0.3561718967952029,-0.05070255948216616,1.0
1.0771053319785404,-1.6791353015478765,0.0
-1.3626128672129454,0.37885135189887065,0.0
0.5818227118667182,-0.25113235243052656,0.0
0.6224781274630237,-0.497183151771674,0.0
-1.3232361920953697,0.2507671273944466,0.0
0.5173759522648957,-0.42011378270437577,0.0
-1.3746416234846386,0.23835153179482357,0.0
0.47199198655123875,0.6917231233269096,0.0
0.3561718967952029,-0.05070255948216616,1.0
-0.20244673218881706,-0.5626936961552326,0.0
-0.051662067229555735,-1.1107504450611574,0.0
3.203469116605546,0.9166604078418977,1.0
-0.13352135818526775,-0.3540531913464192,0.0
-1.1761026046986531,0.21123900957240266,0.0
0.44148775643550797,-0.43684105257130573,0.0
-1.1173539135387167,0.1732968867436415,0.0
0.7625909701998825,-0.558069735397724,0.0
-0.20850883738169648,0.7561856168202379,0.0
0.3561718967952029,-0.05070255948216616,1.0
1.0771053319785404,-1.6791353015478765,0.0
-1.3626128672129454,0.37885135189887065,0.0
0.5818227118667182,-0.25113235243052656,0.0
0.6224781274630237,-0.497183151771674,0.0
-1.3232361920953697,0.2507671273944466,0.0
0.5173759522648957,-0.42011378270437577,0.0
-1.3746416234846386,0.23835153179482357,0.0
0.47199198655123875,0.6917231233269096,0.0
0.3561718967952029,-0.05070255948216616,1.0
-0.20244673218881706,-0.5626936961552326,0.0
-0.051662067229555735,-1.1107504450611574,0.0
3.203469116605546,0.9166604078418977,1.0
-0.13352135818526775,-0.3540531913464192,0.0
-1.1761026046986531,0.21123900957240266,0.0
0.44148775643550797,-0.43684105257130573,0.0
-1.1173539135387167,0.1732968867436415,0.0
0.7625909701998825,-0.558069735397724,0.0
-0.20850883738169648,0.7561856168202379,0.0
0.3561718967952029,-0.05070255948216616,1.0
1.0771053319785404,-1.6791353015478765,0.0
-1.3626128672129454,0.37885135189887065,0.0
0.5818227118667182,-0.25113235243052656,0.0
0.6224781274630237,-0.497183151771674,0.0
-1.3232361920953697,0.2507671273944466,0.0
0.5173759522648957,-0.42011378270437577,0.0
-1.3746416234846386,0.23835153179482357,0.0
0.47199198655123875,0.6917231233269096,0.0
0.3561718967952029,-0.05070255948216616,1.0
-0.20244673218881706,-0.5626936961552326,0.0
-0.051662067229555735,-1.1107504450611574,0.0
3.203469116605546,0.9166604078418977,1.0
-0.13352135818526775,-0.3540531913464192,0.0
-1.1761026046986531,0.21123900957240266,0.0
0.44148775643550797,-0.43684105257130573,0.0
-1.1173539135387167,0.1732968867436415,0.0
0.7625909701998825,-0.558069735397724,0.0
-0.20850883738169648,0.7561856168202379,0.0
0.3561718967952029,-0.05070255948216616,1.0
1.0771053319785404,-1.6791353015478765,0.0
-1.3626128672129454,0.37885135189887065,0.0
0.5818227118667182,-0.25113235243052656,0.0
0.6224781274630237,-0.497183151771674,0.0
-1.3232361920953697,0.2507671273944466,0.0
0.5173759522648957,-0.42011378270437577,0.0
-1.3746416234846386,0.23835153179482357,0.0
0.47199198655123875,0.6917231233269096,0.0
0.3561718967952029,-0.05070255948216616,1.0
-0.20244673218881706,-0.5626936961552326,0.0
-0.051662067229555735,-1.1107504450611574,0.0
3.203469116605546,0.9166604078418977,1.0
-0.13352135818526775,-0.3540531913464192,0.0
-1.1761026046986531,0.21123900957240266,0.0
0.44148775643550797,-0.43684105257130573,0.0
-1.1173539135387167,0.1732968867436415,0.0
0.7625909701998825,-0.558069735397724,0.0
-0.20850883738169648,0.7561856168202379,0.0
0.3561718967952029,-0.05070255948216616,1.0
1.0771053319785404,-1.6791353015478765,0.0
-1.3626128672129454,0.37885135189887065,0.0
0.5818227118667182,-0.25113235243052656,0.0
0.6224781274630237,-0.497183151771674,0.0
-1.3232361920953697,0.2507671273944466,0.0
0.5173759522648957,-0.42011378270437577,0.0
-1.3746416234846386,0.23835153179482357,0.0
0.47199198655123875,0.6917231233269096,0.0
0.3561718967952029,-0.05070255948216616,1.0
-0.20244673218881706,-0.5626936961552326,0.0
-0.051662067229555735,-1.1107504450611574,0.0
3.203469116605546,0.9166604078418977,1.0
-0.13352135818526775,-0.3540531913464192,0.0
-1.1761026046986531,0.21123900957240266,0.0
0.44148775643550797,-0.43684105257130573,0.0
-1.1173539135387167,0.1732968867436415,0.0
0.7625909701998825,-0.558069735397724,0.0
-0.20850883738169648,0.7561856168202379,0.0
0.3561718967952029,-0.05070255948216616,1.0
1.0771053319785404,-1.6791353015478765,0.0
-1.3626128672129454,0.37885135189887065,0.0
0.5818227118667182,-0.25113235243052656,0.0
0.6224781274630237,-0.497183151771674,0.0
-1.3232361920953697,0.2507671273944466,0.0
0.5173759522648957,-0.42011378270437577,0.0
-1.3746416234846386,0.23835153179482357,0.0
0.47199198655123875,0.6917231233269096,0.0
0.3561718967952029,-0.05070255948216616,1.0
-0.20244673218881706,-0.5626936961552326,0.0
-0.051662067229555735,-1.1107504450611574,0.0
3.203469116605546,0.9166604078418977,1.0
-0.13352135818526775,-0.3540531913464192,0.0
-1.1761026046986531,0.21123900957240266,0.0
0.44148775643550797,-0.43684105257130573,0.0
-1.1173539135387167,0.1732968867436415,0.0
0.7625909701998825,-0.558069735397724,0.0
-0.20850883738169648,0.7561856168202379,0.0
0.3561718967952029,-0.05070255948216616,1.0
1.0771053319785404,-1.6791353015478765,0.0
-1.3626128672129454,0.37885135189887065,0.0
0.5818227118667182,-0.25113235243052656,0.0
0.6224781274630237,-0.497183151771674,0.0
-1.3232361920953697,0.2507671273944466,0.0
0.5173759522648957,-0.42011378270437577,0.0
-1.3746416234846386,0.23835153179482357,0.0
0.47199198655123875,0.6917231233269096,0.0
0.3561718967952029,-0.05070255948216616,1.0
-0.20244673218881706,-0.5626936961552326,0.0
-0.051662067229555735,-1.1107504450611574,0.0
3.203469116605546,0.9166604078418977,1.0
-0.13352135818526775,-0.3540531913464192,0.0
-1.1761026046986531,0.21123900957240266,0.0
0.44148775643550797,-0.43684105257130573,0.0
-1.1173539135387167,0.1732968867436415,0.0
0.7625909701998825,-0.558069735397724,0.0
-0.20850883738169648,0.7561856168202379,0.0
0.3561718967952029,-0.05070255948216616,1.0
1.0771053319785404,-1.6791353015478765,0.0
-1.3626128672129454,0.37885135189887065,0.0
0.5818227118667182,-0.25113235243052656,0.0
0.6224781274630237,-0.497183151771674,0.0
-1.3232361920953697,0.2507671273944466,0.0
0.5173759522648957,-0.42011378270437577,0.0
-1.3746416234846386,0.23835153179482357,0.0
0.47199198655123875,0.6917231233269096,0.0
0.3561718967952029,-0.05070255948216616,1.0
-0.20244673218881706,-0.5626936961552326,0.0
-0.051662067229555735,-1.1107504450611574,0.0
3.203469116605546,0.9166604078418977,1.0
-0.13352135818526775,-0.3540531913464192,0.0
-1.1761026046986531,0.21123900957240266,0.0
0.44148775643550797,-0.43684105257130573,0.0
-1.1173539135387167,0.1732968867436415,0.0
0.7625909701998825,-0.558069735397724,0.0
-0.20850883738169648,0.7561856168202379,0.0
0.3561718967952029,-0.05070255948216616,1.0
1.0771053319785404,-1.6791353015478765,0.0
-1.3626128672129454,0.37885135189887065,0.0
0.5818227118667182,-0.25113235243052656,0.0
0.6224781274630237,-0.497183151771674,0.0
-1.3232361920953697,0.2507671273944466,0.0
0.5173759522648957,-0.42011378270437577,0.0
-1.3746416234846386,0.23835153179482357,0.0
0.47199198655123875,0.6917231233269096,0.0
0.3561718967952029,-0.05070255948216616,1.0
-0.20244673218881706,-0.5626936961552326,0.0
-0.051662067229555735,-1.1107504450611574,0.0
3.203469116605546,0.9166604078418977,1.0
-0.13352135818526775,-0.3540531913464192,0.0
-1.1761026046986531,0.21123900957240266,0.0
0.44148775643550797,-0.43684105257130573,0.0
-1.1173539135387167,0.1732968867436415,0.0
0.7625909701998825,-0.558069735397724,0.0
-0.20850883738169648,0.7561856168202379,0.0
0.3561718967952029,-0.05070255948216616,1.0
1.0771053319785404,-1.6791353015478765,0.0
-1.3626128672129454,0.37885135189887065,0.0
0.5818227118667182,-0.25113235243052656,0.0
0.6224781274630237,-0.497183151771674,0.0
-1.3232361920953697,0.2507671273944466,0.0
0.5173759522648957,-0.42011378270437577,0.0
-1.3746416234846386,0.23835153179482357,0.0
0.47199198655123875,0.6917231233269096,0.0
0.3561718967952029,-0.05070255948216616,1.0
-0.20244673218881706,-0.5626936961552326,0.0
-0.051662067229555735,-1.1107504450611574,0.0
3.203469116605546,0.9166604078418977,1.0
-0.13352135818526775,-0.3540531913464192,0.0
-1.1761026046986531,0.21123900957240266,0.0
0.44148775643550797,-0.43684105257130573,0.0
-1.1173539135387167,0.1732968867436415,0.0
0.7625909701998825,-0.558069735397724,0.0
-0.20850883738169648,0.7561856168202379,0.0
0.3561718967952029,-0.05070255948216616,1.0
1.0771053319785404,-1.6791353015478765,0.0
-1.3626128672129454,0.37885135189887065,0.0
0.5818227118667182,-0.25113235243052656,0.0
0.6224781274630237,-0.497183151771674,0.0
-1.3232361920953697,0.2507671273944466,0.0
0.5173759522648957,-0.42011378270437577,0.0
-1.3746416234846386,0.23835153179482357,0.0
0.47199198655123875,0.6917231233269096,0.0
0.3561718967952029,-0.05070255948216616,1.0
-0.20244673218881706,-0.5626936961552326,0.0
-0.051662067229555735,-1.1107504450611574,0.0
3.203469116605546,0.9166604078418977,1.0
-0.13352135818526775,-0.3540531913464192,0.0
-1.1761026046986531,0.21123900957240266,0.0
0.44148775643550797,-0.43684105257130573,0.0
-1.1173539135387167,0.1732968867436415,0.0
0.7625909701998825,-0.558069735397724,0.0
-0.20850883738169648,0.7561856168202379,0.0
0.3561718967952029,-0.05070255948216616,1.0
1.0771053319785404,-1.6791353015478765,0.0
-1.3626128672129454,0.37885135189887065,0.0
0.5818227118667182,-0.25113235243052656,0.0
0.6224781274630237,-0.497183151771674,0.0
-1.3232361920953697,0.2507671273944466,0.0
0.5173759522648957,-0.42011378270437577,0.0
-1.3746416234846386,0.23835153179482357,0.0
0.47199198655123875,0.6917231233269096,0.0
0.3561718967952029,-0.05070255948216616,1.0
-0.20244673218881706,-0.5626936961552326,0.0
-0.051662067229555735,-1.1107504450611574,0.0
3.203469116605546,0.9166604078418977,1.0
-0.13352135818526775,-0.3540531913464192,0.0
-1.1761026046986531,0.21123900957240266,0.0
0.44148775643550797,-0.43684105257130573,0.0
-1.1173539135387167,0.1732968867436415,0.0
0.7625909701998825,-0.558069735397724,0.0
-0.20850883738169648,0.7561856168202379,0.0
0.3561718967952029,-0.05070255948216616,1.0
1.0771053319785404,-1.6791353015478765,0.0
-1.3626128672129454,0.37885135189887065,0.0
0.5818227118667182,-0.25113235243052656,0.0
0.6224781274630237,-0.497183151771674,0.0
-1.3232361920953697,0.2507671273944466,0.0
0.5173759522648957,-0.42011378270437577,0.0
-1.3746416234846386,0.23835153179482357,0.0
0.47199198655123875,0.6917231233269096,0.0
0.3561718967952029,-0.05070255948216616,1.0
-0.20244673218881706,-0.5626936961552326,0.0
-0.051662067229555735,-1.1107504450611574,0.0
3.203469116605546,0.9166604078418977,1.0
-0.13352135818526775,-0.3540531913464192,0.0
-1.1761026046986531,0.21123900957240266,0.0
0.44148775643550797,-0.43684105257130573,0.0
-1.1173539135387167,0.1732968867436415,0.0
0.7625909701998825,-0.558069735397724,0.0
-0.20850883738169648,0.7561856168202379,0.0
0.3561718967952029,-0.05070255948216616,1.0
1.0771053319785404,-1.6791353015478765,0.0
-1.3626128672129454,0.37885135189887065,0.0
0.5818227118667182,-0.25113235243052656,0.0
0.6224781274630237,-0.497183151771674,0.0
-1.3232361920953697,0.2507671273944466,0.0
0.5173759522648957,-0.42011378270437577,0.0
-1.3746416234846386,0.23835153179482357,0.0
0.47199198655123875,0.6917231233269096,0.0
0.3561718967952029,-0.05070255948216616,1.0
-0.20244673218881706,-0.5626936961552326,0.0
-0.051662067229555735,-1.1107504450611574,0.0
3.203469116605546,0.9166604078418977,1.0
-0.13352135818526775,-0.3540531913464192,0.0
-1.1761026046986531,0.21123900957240266,0.0
0.44148775643550797,-0.43684105257130573,0.0
-1.1173539135387167,0.1732968867436415,0.0
0.7625909701998825,-0.558069735397724,0.0
-0.20850883738169648,0.7561856168202379,0.0
0.3561718967952029,-0.05070255948216616,1.0
1.0771053319785404,-1.6791353015478765,0.0
-1.3626128672129454,0.37885135189887065,0.0
0.5818227118667182,-0.25113235243052656,0.0
0.6224781274630237,-0.497183151771674,0.0
-1.3232361920953697,0.2507671273944466,0.0
0.5173759522648957,-0.42011378270437577,0.0
-1.3746416234846386,0.23835153179482357,0.0
0.47199198655123875,0.6917231233269096,0.0
0.3561718967952029,-0.05070255948216616,1.0
-0.20244673218881706,-0.5626936961552326,0.0
-0.051662067229555735,-1.1107504450611574,0.0
3.203469116605546,0.9166604078418977,1.0
-0.13352135818526775,-0.3540531913464192,0.0
-1.1761026046986531,0.21123900957240266,0.0
0.44148775643550797,-0.43684105257130573,0.0
-1.1173539135387167,0.1732968867436415,0.0
0.7625909701998825,-0.558069735397724,0.0
-0.20850883738169648,0.7561856168202379,0.0
0.3561718967952029,-0.05070255948216616,1.0
1.0771053319785404,-1.6791353015478765,0.0
-1.3626128672129454,0.37885135189887065,0.0
0.5818227118667182,-0.25113235243052656,0.0
0.6224781274630237,-0.497183151771674,0.0
-1.3232361920953697,0.2507671273944466,0.0
0.5173759522648957,-0.42011378270437577,0.0
-1.3746416234846386,0.23835153179482357,0.0
0.47199198655123875,0.6917231233269096,0.0
0.3561718967952029,-0.05070255948216616,1.0
-0.20244673218881706,-0.5626936961552326,0.0
-0.051662067229555735,-1.1107504450611574,0.0
3.203469116605546,0.9166604078418977,1.0
-0.13352135818526775,-0.3540531913464192,0.0
-1.1761026046986531,0.21123900957240266,0.0
0.44148775643550797,-0.43684105257130573,0.0
-1.1173539135387167,0.1732968867436415,0.0
0.7625909701998825,-0.558069735397724,0.0
-0.20850883738169648,0.7561856168202379,0.0
0.3561718967952029,-0.05070255948216616,1.0
1.0771053319785404,-1.6791353015478765,0.0
-1.3626128672129454,0.37885135189887065,0.0
0.5818227118667182,-0.25113235243052656,0.0
0.6224781274630237,-0.497183151771674,0.0
-1.3232361920953697,0.2507671273944466,0.0
0.5173759522648957,-0.42011378270437577,0.0
-1.3746416234846386,0.23835153179482357,0.0
0.47199198655123875,0.6917231233269096,0.0
0.3561718967952029,-0.05070255948216616,1.0
-0.20244673218881706,-0.5626936961552326,0.0
-0.051662067229555735,-1.1107504450611574,0.0
3.203469116605546,0.9166604078418977,1.0
-0.13352135818526775,-0.3540531913464192,0.0
-1.1761026046986531,0.21123900957240266,0.0
0.44148775643550797,-0.43684105257130573,0.0
-1.1173539135387167,0.1732968867436415,0.0
0.7625909701998825,-0.558069735397724,0.0
-0.20850883738169648,0.7561856168202379,0.0
0.3561718967952029,-0.05070255948216616,1.0
1.0771053319785404,-1.6791353015478765,0.0
-1.3626128672129454,0.37885135189887065,0.0
0.5818227118667182,-0.25113235243052656,0.0
0.6224781274630237,-0.497183151771674,0.0
-1.3232361920953697,0.2507671273944466,0.0
0.5173759522648957,-0.42011378270437577,0.0
-1.3746416234846386,0.23835153179482357,0.0
0.47199198655123875,0.6917231233269096,0.0
0.3561718967952029,-0.05070255948216616,1.0
-0.20244673218881706,-0.5626936961552326,0.0
-0.051662067229555735,-1.1107504450611574,0.0
3.203469116605546,0.9166604078418977,1.0
-0.13352135818526775,-0.3540531913464192,0.0
-1.1761026046986531,0.21123900957240266,0.0
0.44148775643550797,-0.43684105257130573,0.0
-1.1173539135387167,0.1732968867436415,0.0
0.7625909701998825,-0.558069735397724,0.0
-0.20850883738169648,0.7561856168202379,0.0
0.3561718967952029,-0.05070255948216616,1.0
1.0771053319785404,-1.6791353015478765,0.0
-1.3626128672129454,0.37885135189887065,0.0
0.5818227118667182,-0.25113235243052656,0.0
0.6224781274630237,-0.497183151771674,0.0
-1.3232361920953697,0.2507671273944466,0.0
0.5173759522648957,-0.42011378270437577,0.0
-1.3746416234846386,0.23835153179482357,0.0
0.47199198655123875,0.6917231233269096,0.0
0.3561718967952029,-0.05070255948216616,1.0
-0.20244673218881706,-0.5626936961552326,0.0
-0.051662067229555735,-1.1107504450611574,0.0
3.203469116605546,0.9166604078418977,1.0
-0.13352135818526775,-0.3540531913464192,0.0
-1.1761026046986531,0.21123900957240266,0.0
0.44148775643550797,-0.43684105257130573,0.0
-1.1173539135387167,0.1732968867436415,0.0
0.7625909701998825,-0.558069735397724,0.0
-0.20850883738169648,0.7561856168202379,0.0
0.3561718967952029,-0.05070255948216616,1.0
1.0771053319785404,-1.6791353015478765,0.0
-1.3626128672129454,0.37885135189887065,0.0
0.5818227118667182,-0.25113235243052656,0.0
0.6224781274630237,-0.497183151771674,0.0
-1.3232361920953697,0.2507671273944466,0.0
0.5173759522648957,-0.42011378270437577,0.0
-1.3746416234846386,0.23835153179482357,0.0
0.47199198655123875,0.6917231233269096,0.0
0.3561718967952029,-0.05070255948216616,1.0
-0.20244673218881706,-0.5626936961552326,0.0
-0.051662067229555735,-1.1107504450611574,0.0
3.203469116605546,0.9166604078418977,1.0
-0.13352135818526775,-0.3540531913464192,0.0
-1.1761026046986531,0.21123900957240266,0.0
0.44148775643550797,-0.43684105257130573,0.0
-1.1173539135387167,0.1732968867436415,0.0
0.7625909701998825,-0.558069735397724,0.0
-0.20850883738169648,0.7561856168202379,0.0
0.3561718967952029,-0.05070255948216616,1.0
1.0771053319785404,-1.6791353015478765,0.0
-1.3626128672129454,0.37885135189887065,0.0
0.5818227118667182,-0.25113235243052656,0.0
0.6224781274630237,-0.497183151771674,0.0
-1.3232361920953697,0.2507671273944466,0.0
0.5173759522648957,-0.42011378270437577,0.0
-1.3746416234846386,0.23835153179482357,0.0
0.47199198655123875,0.6917231233269096,0.0
0.3561718967952029,-0.05070255948216616,1.0
-0.20244673218881706,-0.5626936961552326,0.0
-0.051662067229555735,-1.1107504450611574,0.0
3.203469116605546,0.9166604078418977,1.0
-0.13352135818526775,-0.3540531913464192,0.0
-1.1761026046986531,0.21123900957240266,0.0
0.44148775643550797,-0.43684105257130573,0.0
-1.1173539135387167,0.1732968867436415,0.0
0.7625909701998825,-0.558069735397724,0.0
-0.20850883738169648,0.7561856168202379,0.0
0.3561718967952029,-0.05070255948216616,1.0
1.0771053319785404,-1.6791353015478765,0.0
-1.3626128672129454,0.37885135189887065,0.0
0.5818227118667182,-0.25113235243052656,0.0
0.6224781274630237,-0.497183151771674,0.0
-1.3232361920953697,0.2507671273944466,0.0
0.5173759522648957,-0.42011378270437577,0.0
-1.3746416234846386,0.23835153179482357,0.0
0.47199198655123875,0.6917231233269096,0.0
0.3561718967952029,-0.05070255948216616,1.0
-0.20244673218881706,-0.5626936961552326,0.0
-0.051662067229555735,-1.1107504450611574,0.0
3.203469116605546,0.9166604078418977,1.0
-0.13352135818526775,-0.3540531913464192,0.0
-1.1761026046986531,0.21123900957240266,0.0
0.44148775643550797,-0.43684105257130573,0.0
-1.1173539135387167,0.1732968867436415,0.0
0.7625909701998825,-0.558069735397724,0.0
-0.20850883738169648,0.7561856168202379,0.0
0.3561718967952029,-0.05070255948216616,1.0
1.0771053319785404,-1.6791353015478765,0.0
-1.3626128672129454,0.37885135189887065,0.0
0.5818227118667182,-0.25113235243052656,0.0
0.6224781274630237,-0.497183151771674,0.0
-1.3232361920953697,0.2507671273944466,0.0
0.5173759522648957,-0.42011378270437577,0.0
-1.3746416234846386,0.23835153179482357,0.0
0.47199198655123875,0.6917231233269096,0.0
0.3561718967952029,-0.05070255948216616,1.0
-0.20244673218881706,-0.5626936961552326,0.0
-0.051662067229555735,-1.1107504450611574,0.0
3.203469116605546,0.9166604078418977,1.0
-0.13352135818526775,-0.3540531913464192,0.0
-1.1761026046986531,0.21123900957240266,0.0
0.44148775643550797,-0.43684105257130573,0.0
-1.1173539135387167,0.1732968867436415,0.0
0.7625909701998825,-0.558069735397724,0.0
-0.20850883738169648,0.7561856168202379,0.0
0.3561718967952029,-0.05070255948216616,1.0
1.0771053319785404,-1.6791353015478765,0.0
-1.3626128672129454,0.37885135189887065,0.0
0.5818227118667182,-0.25113235243052656,0.0
0.6224781274630237,-0.497183151771674,0.0
-1.3232361920953697,0.2507671273944466,0.0
0.5173759522648957,-0.42011378270437577,0.0
-1.3746416234846386,0.23835153179482357,0.0
0.47199198655123875,0.6917231233269096,0.0
0.3561718967952029,-0.05070255948216616,1.0
-0.20244673218881706,-0.5626936961552326,0.0
-0.051662067229555735,-1.1107504450611574,0.0
