-0.07093598930691548,0.011171800760894156,0.0
0.06449154738200719,0.6123245197134959,0.0
0.2112805665342402,1.08972897718531,0.0
0.169066277792556,0.8981714249781738,0.0
-1.1510842053410733,-0.5517596848115965,0.0
-0.8151621534864831,-0.4804274898537948,0.0
1.5455716957461905,-1.260438978634647,0.0
0.26206042517289485,-0.14934952120005626,0.0
0.07159487529128832,0.4738955941413706,0.0
0.030620201901578315,0.08489468194241362,0.0
0.18258535352361097,0.8602039633991336,0.0
0.1690662777925565,0.8981714249781724,0.0
-1.1510842053410733,-0.5517596848115961,0.0
-0.8151621534864831,-0.48042748985379563,0.0
1.2752575547753948,-1.0380453239120149,0.0
0.06853313550544028,0.03772290170729778,0.0
-1.0948163083689797,-0.6271829299321952,0.0
-0.10121695300269926,-0.7826111860967675,0.0
0.14527552132313162,0.7207201653897937,0.0
0.1690662777925565,0.8981714249781724,0.0
0.07159487529128832,0.4738955941413706,0.0
0.030620201901578315,0.08489468194241362,0.0
0.784767607370688,-0.4541895066472694,0.0
0.1418390579854509,0.18091215072772537,0.0
0.03778127648519949,0.15844007282824984,0.0
0.025842396306905862,0.07068887709054889,0.0
-0.777109906291415,-0.2316269321734193,0.0
-0.7608142957780873,-0.122331197703429,0.0
-0.16040777345784013,-0.014594845844583449,0.0
-0.07256361219190086,0.015473154537254829,0.0
0.06449154738202345,0.612324519713501,0.0
0.21128056653423216,1.0897289771853387,0.0
0.1690662777925565,0.8981714249781724,0.0
-1.1510842053410733,-0.5517596848115961,0.0
-0.8151621534864831,-0.48042748985379563,0.0
1.5455716957461905,-1.2604389786346468,0.0
0.26206042517289485,-0.14934952120005626,0.0
0.07159487529128832,0.4738955941413706,0.0
0.030620201901578315,0.08489468194241362,0.0
0.18258535352361097,0.8602039633991336,0.0
0.1690662777925565,0.8981714249781724,0.0
-1.1510842053410733,-0.5517596848115961,0.0
-0.8151621534864831,-0.48042748985379563,0.0
1.2752575547753948,-1.0380453239120149,0.0
0.06853313550544028,0.03772290170729778,0.0
-1.0948163083689797,-0.6271829299321952,0.0
-0.10121695300269926,-0.7826111860967675,0.0
0.14527552132313162,0.7207201653897937,0.0
0.1690662777925565,0.8981714249781724,0.0
0.07159487529128832,0.4738955941413706,0.0
0.030620201901578315,0.08489468194241362,0.0
0.784767607370688,-0.4541895066472694,0.0
0.1418390579854509,0.18091215072772537,0.0
0.03778127648519949,0.15844007282824984,0.0
0.025842396306905862,0.07068887709054889,0.0
-0.777109906291415,-0.2316269321734193,0.0
-0.7608142957780873,-0.122331197703429,0.0
-0.16040777345784013,-0.014594845844583449,0.0
-0.07256361219190086,0.015473154537254829,0.0
0.06449154738202345,0.612324519713501,0.0
0.21128056653423216,1.0897289771853387,0.0
0.1690662777925565,0.8981714249781724,0.0
-1.1510842053410733,-0.5517596848115961,0.0
-0.8151621534864831,-0.48042748985379563,0.0
1.5455716957461905,-1.2604389786346468,0.0
0.26206042517289485,-0.14934952120005626,0.0
0.07159487529128832,0.4738955941413706,0.0
0.030620201901578315,0.08489468194241362,0.0
0.18258535352361097,0.8602039633991336,0.0
0.1690662777925565,0.8981714249781724,0.0
-1.1510842053410733,-0.5517596848115961,0.0
-0.8151621534864831,-0.48042748985379563,0.0
1.2752575547753948,-1.0380453239120149,0.0
0.06853313550544028,0.03772290170729778,0.0
-1.0948163083689797,-0.6271829299321952,0.0
-0.10121695300269926,-0.7826111860967675,0.0
0.14527552132313162,0.7207201653897937,0.0
0.1690662777925565,0.8981714249781724,0.0
0.07159487529128832,0.4738955941413706,0.0
0.030620201901578315,0.08489468194241362,0.0
0.784767607370688,-0.4541895066472694,0.0
0.1418390579854509,0.18091215072772537,0.0
0.03778127648519949,0.15844007282824984,0.0
0.025842396306905862,0.07068887709054889,0.0
-0.777109906291415,-0.2316269321734193,0.0
-0.7608142957780873,-0.122331197703429,0.0
-0.16040777345784013,-0.014594845844583449,0.0
-0.07256361219190086,0.015473154537254829,0.0
0.06449154738202345,0.612324519713501,0.0
0.21128056653423216,1.0897289771853387,0.0
0.1690662777925565,0.8981714249781724,0.0
-1.1510842053410733,-0.5517596848115961,0.0
-0.8151621534864831,-0.48042748985379563,0.0
1.5455716957461905,-1.2604389786346468,0.0
0.26206042517289485,-0.14934952120005626,0.0
0.07159487529128832,0.4738955941413706,0.0
0.030620201901578315,0.08489468194241362,0.0
0.18258535352361097,0.8602039633991336,0.0
0.1690662777925565,0.8981714249781724,0.0
-1.1510842053410733,-0.5517596848115961,0.0
-0.8151621534864831,-0.48042748985379563,0.0
1.2752575547753948,-1.0380453239120149,0.0
0.06853313550544028,0.03772290170729778,0.0
-1.0948163083689797,-0.6271829299321952,0.0
-0.10121695300269926,-0.7826111860967675,0.0
0.14527552132313162,0.7207201653897937,0.0
0.1690662777925565,0.8981714249781724,0.0
0.07159487529128832,0.4738955941413706,0.0
0.030620201901578315,0.08489468194241362,0.0
0.784767607370688,-0.4541895066472694,0.0
0.1418390579854509,0.18091215072772537,0.0
0.03778127648519949,0.15844007282824984,0.0
0.025842396306905862,0.07068887709054889,0.0
-0.777109906291415,-0.2316269321734193,0.0
-0.7608142957780873,-0.122331197703429,0.0
-0.16040777345784013,-0.014594845844583449,0.0
-0.07256361219190086,0.015473154537254829,0.0
0.06449154738202345,0.612324519713501,0.0
0.21128056653423216,1.0897289771853387,0.0
0.1690662777925565,0.8981714249781724,0.0
-1.1510842053410733,-0.5517596848115961,0.0
-0.8151621534864831,-0.48042748985379563,0.0
1.5455716957461905,-1.2604389786346468,0.0
0.26206042517289485,-0.14934952120005626,0.0
0.07159487529128832,0.4738955941413706,0.0
0.030620201901578315,0.08489468194241362,0.0
0.18258535352361097,0.8602039633991336,0.0
0.1690662777925565,0.8981714249781724,0.0
-1.1510842053410733,-0.5517596848115961,0.0
-0.8151621534864831,-0.48042748985379563,0.0
1.2752575547753948,-1.0380453239120149,0.0
0.06853313550544028,0.03772290170729778,0.0
-1.0948163083689797,-0.6271829299321952,0.0
-0.10121695300269926,-0.7826111860967675,0.0
0.14527552132313162,0.7207201653897937,0.0
0.1690662777925565,0.8981714249781724,0.0
0.07159487529128832,0.4738955941413706,0.0
0.030620201901578315,0.08489468194241362,0.0
0.784767607370688,-0.4541895066472694,0.0
0.1418390579854509,0.18091215072772537,0.0
0.03778127648519949,0.15844007282824984,0.0
0.025842396306905862,0.07068887709054889,0.0
-0.777109906291415,-0.2316269321734193,0.0
-0.7608142957780873,-0.122331197703429,0.0
-0.16040777345784013,-0.014594845844583449,0.0
-0.07256361219190086,0.015473154537254829,0.0
0.06449154738202345,0.612324519713501,0.0
0.21128056653423216,1.0897289771853387,0.0
0.1690662777925565,0.8981714249781724,0.0
-1.1510842053410733,-0.5517596848115961,0.0
-0.8151621534864831,-0.48042748985379563,0.0
1.5455716957461905,-1.2604389786346468,0.0
0.26206042517289485,-0.14934952120005626,0.0
0.07159487529128832,0.4738955941413706,0.0
0.030620201901578315,0.08489468194241362,0.0
0.18258535352361097,0.8602039633991336,0.0
0.1690662777925565,0.8981714249781724,0.0
-1.1510842053410733,-0.5517596848115961,0.0
-0.8151621534864831,-0.48042748985379563,0.0
1.2752575547753948,-1.0380453239120149,0.0
0.06853313550544028,0.03772290170729778,0.0
-1.0948163083689797,-0.6271829299321952,0.0
-0.10121695300269926,-0.7826111860967675,0.0
0.14527552132313162,0.7207201653897937,0.0
0.1690662777925565,0.8981714249781724,0.0
0.07159487529128832,0.4738955941413706,0.0
0.030620201901578315,0.08489468194241362,0.0
0.784767607370688,-0.4541895066472694,0.0
0.1418390579854509,0.18091215072772537,0.0
0.03778127648519949,0.15844007282824984,0.0
0.025842396306905862,0.07068887709054889,0.0
-0.777109906291415,-0.2316269321734193,0.0
-0.7608142957780873,-0.122331197703429,0.0
-0.16040777345784013,-0.014594845844583449,0.0
-0.07256361219190086,0.015473154537254829,0.0
0.06449154738202345,0.612324519713501,0.0
0.21128056653423216,1.0897289771853387,0.0
0.1690662777925565,0.8981714249781724,0.0
-1.1510842053410733,-0.5517596848115961,0.0
-0.8151621534864831,-0.48042748985379563,0.0
1.5455716957461905,-1.2604389786346468,0.0
0.26206042517289485,-0.14934952120005626,0.0
0.07159487529128832,0.4738955941413706,0.0
0.030620201901578315,0.08489468194241362,0.0
0.18258535352361097,0.8602039633991336,0.0
0.1690662777925565,0.8981714249781724,0.0
-1.1510842053410733,-0.5517596848115961,0.0
-0.8151621534864831,-0.48042748985379563,0.0
1.2752575547753948,-1.0380453239120149,0.0
0.06853313550544028,0.03772290170729778,0.0
-1.0948163083689797,-0.6271829299321952,0.0
-0.10121695300269926,-0.7826111860967675,0.0
0.14527552132313162,0.7207201653897937,0.0
0.1690662777925565,0.8981714249781724,0.0
0.07159487529128832,0.4738955941413706,0.0
0.030620201901578315,0.08489468194241362,0.0
0.784767607370688,-0.4541895066472694,0.0
0.1418390579854509,0.18091215072772537,0.0
0.03778127648519949,0.15844007282824984,0.0
0.025842396306905862,0.07068887709054889,0.0
-0.777109906291415,-0.2316269321734193,0.0
-0.7608142957780873,-0.122331197703429,0.0
-0.16040777345784013,-0.014594845844583449,0.0
-0.07256361219190086,0.015473154537254829,0.0
0.06449154738202345,0.612324519713501,0.0
0.21128056653423216,1.0897289771853387,0.0
0.1690662777925565,0.8981714249781724,0.0
-1.1510842053410733,-0.5517596848115961,0.0
-0.8151621534864831,-0.48042748985379563,0.0
1.5455716957461905,-1.2604389786346468,0.0
0.26206042517289485,-0.14934952120005626,0.0
0.07159487529128832,0.4738955941413706,0.0
0.030620201901578315,0.08489468194241362,0.0
0.18258535352361097,0.8602039633991336,0.0
0.1690662777925565,0.8981714249781724,0.0
-1.1510842053410733,-0.5517596848115961,0.0
-0.8151621534864831,-0.48042748985379563,0.0
1.2752575547753948,-1.0380453239120149,0.0
0.06853313550544028,0.03772290170729778,0.0
-1.0948163083689797,-0.6271829299321952,0.0
-0.10121695300269926,-0.7826111860967675,0.0
0.14527552132313162,0.7207201653897937,0.0
0.1690662777925565,0.8981714249781724,0.0
0.07159487529128832,0.4738955941413706,0.0
0.030620201901578315,0.08489468194241362,0.0
0.784767607370688,-0.4541895066472694,0.0
0.1418390579854509,0.18091215072772537,0.0
0.03778127648519949,0.15844007282824984,0.0
0.025842396306905862,0.07068887709054889,0.0
-0.777109906291415,-0.2316269321734193,0.0
-0.7608142957780873,-0.122331197703429,0.0
-0.16040777345784013,-0.014594845844583449,0.0
-0.07256361219190086,0.015473154537254829,0.0
0.06449154738202345,0.612324519713501,0.0
0.21128056653423216,1.0897289771853387,0.0
0.1690662777925565,0.8981714249781724,0.0
-1.1510842053410733,-0.5517596848115961,0.0
-0.8151621534864831,-0.48042748985379563,0.0
1.5455716957461905,-1.2604389786346468,0.0
0.26206042517289485,-0.14934952120005626,0.0
0.07159487529128832,0.4738955941413706,0.0
0.030620201901578315,0.08489468194241362,0.0
0.18258535352361097,0.8602039633991336,0.0
0.1690662777925565,0.8981714249781724,0.0
-1.1510842053410733,-0.5517596848115961,0.0
-0.8151621534864831,-0.48042748985379563,0.0
1.2752575547753948,-1.0380453239120149,0.0
0.06853313550544028,0.03772290170729778,0.0
-1.0948163083689797,-0.6271829299321952,0.0
-0.10121695300269926,-0.7826111860967675,0.0
0.14527552132313162,0.7207201653897937,0.0
0.1690662777925565,0.8981714249781724,0.0
0.07159487529128832,0.4738955941413706,0.0
0.030620201901578315,0.08489468194241362,0.0
0.784767607370688,-0.4541895066472694,0.0
0.1418390579854509,0.18091215072772537,0.0
0.03778127648519949,0.15844007282824984,0.0
0.025842396306905862,0.07068887709054889,0.0
-0.777109906291415,-0.2316269321734193,0.0
-0.7608142957780873,-0.122331197703429,0.0
-0.16040777345784013,-0.014594845844583449,0.0
-0.07256361219190086,0.015473154537254829,0.0
0.06449154738202345,0.612324519713501,0.0
0.21128056653423216,1.0897289771853387,0.0
0.1690662777925565,0.8981714249781724,0.0
-1.1510842053410733,-0.5517596848115961,0.0
-0.8151621534864831,-0.48042748985379563,0.0
1.5455716957461905,-1.2604389786346468,0.0
0.26206042517289485,-0.14934952120005626,0.0
0.07159487529128832,0.4738955941413706,0.0
0.030620201901578315,0.08489468194241362,0.0
0.18258535352361097,0.8602039633991336,0.0
0.1690662777925565,0.8981714249781724,0.0
-1.1510842053410733,-0.5517596848115961,0.0
-0.8151621534864831,-0.48042748985379563,0.0
1.2752575547753948,-1.0380453239120149,0.0
0.06853313550544028,0.03772290170729778,0.0
-1.0948163083689797,-0.6271829299321952,0.0
-0.10121695300269926,-0.7826111860967675,0.0
0.14527552132313162,0.7207201653897937,0.0
0.1690662777925565,0.8981714249781724,0.0
0.07159487529128832,0.4738955941413706,0.0
0.030620201901578315,0.08489468194241362,0.0
0.784767607370688,-0.4541895066472694,0.0
0.1418390579854509,0.18091215072772537,0.0
0.03778127648519949,0.15844007282824984,0.0
0.025842396306905862,0.07068887709054889,0.0
-0.777109906291415,-0.2316269321734193,0.0
-0.7608142957780873,-0.122331197703429,0.0
-0.16040777345784013,-0.014594845844583449,0.0
-0.07256361219190086,0.015473154537254829,0.0
0.06449154738202345,0.612324519713501,0.0
0.21128056653423216,1.0897289771853387,0.0
0.1690662777925565,0.8981714249781724,0.0
-1.1510842053410733,-0.5517596848115961,0.0
-0.8151621534864831,-0.48042748985379563,0.0
1.5455716957461905,-1.2604389786346468,0.0
0.26206042517289485,-0.14934952120005626,0.0
0.07159487529128832,0.4738955941413706,0.0
0.030620201901578315,0.08489468194241362,0.0
0.18258535352361097,0.8602039633991336,0.0
0.1690662777925565,0.8981714249781724,0.0
-1.1510842053410733,-0.5517596848115961,0.0
-0.8151621534864831,-0.48042748985379563,0.0
1.2752575547753948,-1.0380453239120149,0.0
0.06853313550544028,0.03772290170729778,0.0
-1.0948163083689797,-0.6271829299321952,0.0
-0.10121695300269926,-0.7826111860967675,0.0
0.14527552132313162,0.7207201653897937,0.0
0.1690662777925565,0.8981714249781724,0.0
0.07159487529128832,0.4738955941413706,0.0
0.030620201901578315,0.08489468194241362,0.0
0.784767607370688,-0.4541895066472694,0.0
0.1418390579854509,0.18091215072772537,0.0
0.03778127648519949,0.15844007282824984,0.0
0.025842396306905862,0.07068887709054889,0.0
-0.777109906291415,-0.2316269321734193,0.0
-0.7608142957780873,-0.122331197703429,0.0
-0.16040777345784013,-0.014594845844583449,0.0
-0.07256361219190086,0.015473154537254829,0.0
0.06449154738202345,0.612324519713501,0.0
0.21128056653423216,1.0897289771853387,0.0
0.1690662777925565,0.8981714249781724,0.0
-1.1510842053410733,-0.5517596848115961,0.0
-0.8151621534864831,-0.48042748985379563,0.0
1.5455716957461905,-1.2604389786346468,0.0
0.26206042517289485,-0.14934952120005626,0.0
0.07159487529128832,0.4738955941413706,0.0
0.030620201901578315,0.08489468194241362,0.0
0.18258535352361097,0.8602039633991336,0.0
0.1690662777925565,0.8981714249781724,0.0
-1.1510842053410733,-0.5517596848115961,0.0
-0.8151621534864831,-0.48042748985379563,0.0
1.2752575547753948,-1.0380453239120149,0.0
0.06853313550544028,0.03772290170729778,0.0
-1.0948163083689797,-0.6271829299321952,0.0
-0.10121695300269926,-0.7826111860967675,0.0
0.14527552132313162,0.7207201653897937,0.0
0.1690662777925565,0.8981714249781724,0.0
0.07159487529128832,0.4738955941413706,0.0
0.030620201901578315,0.08489468194241362,0.0
0.784767607370688,-0.4541895066472694,0.0
0.1418390579854509,0.18091215072772537,0.0
0.03778127648519949,0.15844007282824984,0.0
0.025842396306905862,0.07068887709054889,0.0
-0.777109906291415,-0.2316269321734193,0.0
-0.7608142957780873,-0.122331197703429,0.0
-0.16040777345784013,-0.014594845844583449,0.0
-0.07256361219190086,0.015473154537254829,0.0
0.06449154738202345,0.612324519713501,0.0
0.21128056653423216,1.0897289771853387,0.0
0.1690662777925565,0.8981714249781724,0.0
-1.1510842053410733,-0.5517596848115961,0.0
-0.8151621534864831,-0.48042748985379563,0.0
1.5455716957461905,-1.2604389786346468,0.0
0.26206042517289485,-0.14934952120005626,0.0
0.07159487529128832,0.4738955941413706,0.0
0.030620201901578315,0.08489468194241362,0.0
0.18258535352361097,0.8602039633991336,0.0
0.1690662777925565,0.8981714249781724,0.0
-1.1510842053410733,-0.5517596848115961,0.0
-0.8151621534864831,-0.48042748985379563,0.0
1.2752575547753948,-1.0380453239120149,0.0
0.06853313550544028,0.03772290170729778,0.0
-1.0948163083689797,-0.6271829299321952,0.0
-0.10121695300269926,-0.7826111860967675,0.0
0.14527552132313162,0.7207201653897937,0.0
0.1690662777925565,0.8981714249781724,0.0
0.07159487529128832,0.4738955941413706,0.0
0.030620201901578315,0.08489468194241362,0.0
0.784767607370688,-0.4541895066472694,0.0
0.1418390579854509,0.18091215072772537,0.0
0.03778127648519949,0.15844007282824984,0.0
0.025842396306905862,0.07068887709054889,0.0
-0.777109906291415,-0.2316269321734193,0.0
-0.7608142957780873,-0.122331197703429,0.0
-0.16040777345784013,-0.014594845844583449,0.0
-0.07256361219190086,0.015473154537254829,0.0
0.06449154738202345,0.612324519713501,0.0
0.21128056653423216,1.0897289771853387,0.0
0.1690662777925565,0.8981714249781724,0.0
-1.1510842053410733,-0.5517596848115961,0.0
-0.8151621534864831,-0.48042748985379563,0.0
1.5455716957461905,-1.2604389786346468,0.0
0.26206042517289485,-0.14934952120005626,0.0
0.07159487529128832,0.4738955941413706,0.0
0.030620201901578315,0.08489468194241362,0.0
0.18258535352361097,0.8602039633991336,0.0
0.1690662777925565,0.8981714249781724,0.0
-1.1510842053410733,-0.5517596848115961,0.0
-0.8151621534864831,-0.48042748985379563,0.0
1.2752575547753948,-1.0380453239120149,0.0
0.06853313550544028,0.03772290170729778,0.0
-1.0948163083689797,-0.6271829299321952,0.0
-0.10121695300269926,-0.7826111860967675,0.0
0.14527552132313162,0.7207201653897937,0.0
0.1690662777925565,0.8981714249781724,0.0
0.07159487529128832,0.4738955941413706,0.0
0.030620201901578315,0.08489468194241362,0.0
0.784767607370688,-0.4541895066472694,0.0
0.1418390579854509,0.18091215072772537,0.0
0.03778127648519949,0.15844007282824984,0.0
0.025842396306905862,0.07068887709054889,0.0
-0.777109906291415,-0.2316269321734193,0.0
-0.7608142957780873,-0.122331197703429,0.0
-0.16040777345784013,-0.014594845844583449,0.0
-0.07256361219190086,0.015473154537254829,0.0
0.06449154738202345,0.612324519713501,0.0
0.21128056653423216,1.0897289771853387,0.0
0.1690662777925565,0.8981714249781724,0.0
-1.1510842053410733,-0.5517596848115961,0.0
-0.8151621534864831,-0.48042748985379563,0.0
1.5455716957461905,-1.2604389786346468,0.0
0.26206042517289485,-0.14934952120005626,0.0
0.07159487529128832,0.4738955941413706,0.0
0.030620201901578315,0.08489468194241362,0.0
0.18258535352361097,0.8602039633991336,0.0
0.1690662777925565,0.8981714249781724,0.0
-1.1510842053410733,-0.5517596848115961,0.0
-0.8151621534864831,-0.48042748985379563,0.0
1.2752575547753948,-1.0380453239120149,0.0
0.06853313550544028,0.03772290170729778,0.0
-1.0948163083689797,-0.6271829299321952,0.0
-0.10121695300269926,-0.7826111860967675,0.0
0.14527552132313162,0.7207201653897937,0.0
0.1690662777925565,0.8981714249781724,0.0
0.07159487529128832,0.4738955941413706,0.0
0.030620201901578315,0.08489468194241362,0.0
0.784767607370688,-0.4541895066472694,0.0
0.1418390579854509,0.18091215072772537,0.0
0.03778127648519949,0.15844007282824984,0.0
0.025842396306905862,0.07068887709054889,0.0
-0.777109906291415,-0.2316269321734193,0.0
-0.7608142957780873,-0.122331197703429,0.0
-0.16040777345784013,-0.014594845844583449,0.0
-0.07256361219190086,0.015473154537254829,0.0
0.06449154738202345,0.612324519713501,0.0
0.21128056653423216,1.0897289771853387,0.0
0.1690662777925565,0.8981714249781724,0.0
-1.1510842053410733,-0.5517596848115961,0.0
-0.8151621534864831,-0.48042748985379563,0.0
1.5455716957461905,-1.2604389786346468,0.0
0.26206042517289485,-0.14934952120005626,0.0
0.07159487529128832,0.4738955941413706,0.0
0.030620201901578315,0.08489468194241362,0.0
0.18258535352361097,0.8602039633991336,0.0
0.1690662777925565,0.8981714249781724,0.0
-1.1510842053410733,-0.5517596848115961,0.0
-0.8151621534864831,-0.48042748985379563,0.0
1.2752575547753948,-1.0380453239120149,0.0
0.06853313550544028,0.03772290170729778,0.0
-1.0948163083689797,-0.6271829299321952,0.0
-0.10121695300269926,-0.7826111860967675,0.0
0.14527552132313162,0.7207201653897937,0.0
0.1690662777925565,0.8981714249781724,0.0
0.07159487529128832,0.4738955941413706,0.0
0.030620201901578315,0.08489468194241362,0.0
0.784767607370688,-0.4541895066472694,0.0
0.1418390579854509,0.18091215072772537,0.0
0.03778127648519949,0.15844007282824984,0.0
0.025842396306905862,0.07068887709054889,0.0
-0.777109906291415,-0.2316269321734193,0.0
-0.7608142957780873,-0.122331197703429,0.0
-0.16040777345784013,-0.014594845844583449,0.0
-0.07256361219190086,0.015473154537254829,0.0
0.06449154738202345,0.612324519713501,0.0
0.21128056653423216,1.0897289771853387,0.0
0.1690662777925565,0.8981714249781724,0.0
-1.1510842053410733,-0.5517596848115961,0.0
-0.8151621534864831,-0.48042748985379563,0.0
1.5455716957461905,-1.2604389786346468,0.0
0.26206042517289485,-0.14934952120005626,0.0
0.07159487529128832,0.4738955941413706,0.0
0.030620201901578315,0.08489468194241362,0.0
0.18258535352361097,0.8602039633991336,0.0
0.1690662777925565,0.8981714249781724,0.0
-1.1510842053410733,-0.5517596848115961,0.0
-0.8151621534864831,-0.48042748985379563,0.0
1.2752575547753948,-1.0380453239120149,0.0
0.06853313550544028,0.03772290170729778,0.0
-1.0948163083689797,-0.6271829299321952,0.0
-0.10121695300269926,-0.7826111860967675,0.0
0.14527552132313162,0.7207201653897937,0.0
0.1690662777925565,0.8981714249781724,0.0
0.07159487529128832,0.4738955941413706,0.0
0.030620201901578315,0.08489468194241362,0.0
0.784767607370688,-0.4541895066472694,0.0
0.1418390579854509,0.18091215072772537,0.0
0.03778127648519949,0.15844007282824984,0.0
0.025842396306905862,0.07068887709054889,0.0
-0.777109906291415,-0.2316269321734193,0.0
-0.7608142957780873,-0.122331197703429,0.0
-0.16040777345784013,-0.014594845844583449,0.0
-0.07256361219190086,0.015473154537254829,0.0
0.06449154738202345,0.612324519713501,0.0
0.21128056653423216,1.0897289771853387,0.0
0.1690662777925565,0.8981714249781724,0.0
-1.1510842053410733,-0.5517596848115961,0.0
-0.8151621534864831,-0.48042748985379563,0.0
1.5455716957461905,-1.2604389786346468,0.0
0.26206042517289485,-0.14934952120005626,0.0
0.07159487529128832,0.4738955941413706,0.0
0.030620201901578315,0.08489468194241362,0.0
0.18258535352361097,0.8602039633991336,0.0
0.1690662777925565,0.8981714249781724,0.0
-1.1510842053410733,-0.5517596848115961,0.0
-0.8151621534864831,-0.48042748985379563,0.0
1.2752575547753948,-1.0380453239120149,0.0
0.06853313550544028,0.03772290170729778,0.0
-1.0948163083689797,-0.6271829299321952,0.0
-0.10121695300269926,-0.7826111860967675,0.0
0.14527552132313162,0.7207201653897937,0.0
0.1690662777925565,0.8981714249781724,0.0
0.07159487529128832,0.4738955941413706,0.0
0.030620201901578315,0.08489468194241362,0.0
0.784767607370688,-0.4541895066472694,0.0
0.1418390579854509,0.18091215072772537,0.0
0.03778127648519949,0.15844007282824984,0.0
0.025842396306905862,0.07068887709054889,0.0
-0.777109906291415,-0.2316269321734193,0.0
-0.7608142957780873,-0.122331197703429,0.0
-0.16040777345784013,-0.014594845844583449,0.0
-0.07256361219190086,0.015473154537254829,0.0
0.06449154738202345,0.612324519713501,0.0
0.21128056653423216,1.0897289771853387,0.0
0.1690662777925565,0.8981714249781724,0.0
-1.1510842053410733,-0.5517596848115961,0.0
-0.8151621534864831,-0.48042748985379563,0.0
1.5455716957461905,-1.2604389786346468,0.0
0.26206042517289485,-0.14934952120005626,0.0
0.07159487529128832,0.4738955941413706,0.0
0.030620201901578315,0.08489468194241362,0.0
0.18258535352361097,0.8602039633991336,0.0
0.1690662777925565,0.8981714249781724,0.0
-1.1510842053410733,-0.5517596848115961,0.0
-0.8151621534864831,-0.48042748985379563,0.0
1.2752575547753948,-1.0380453239120149,0.0
0.06853313550544028,0.03772290170729778,0.0
-1.0948163083689797,-0.6271829299321952,0.0
-0.10121695300269926,-0.7826111860967675,0.0
0.14527552132313162,0.7207201653897937,0.0
0.1690662777925565,0.8981714249781724,0.0
0.07159487529128832,0.4738955941413706,0.0
0.030620201901578315,0.08489468194241362,0.0
0.784767607370688,-0.4541895066472694,0.0
0.1418390579854509,0.18091215072772537,0.0
0.03778127648519949,0.15844007282824984,0.0
0.025842396306905862,0.07068887709054889,0.0
-0.777109906291415,-0.2316269321734193,0.0
-0.7608142957780873,-0.122331197703429,0.0
-0.16040777345784013,-0.014594845844583449,0.0
-0.07256361219190086,0.015473154537254829,0.0
0.06449154738202345,0.612324519713501,0.0
0.21128056653423216,1.0897289771853387,0.0
0.1690662777925565,0.8981714249781724,0.0
-1.1510842053410733,-0.5517596848115961,0.0
-0.8151621534864831,-0.48042748985379563,0.0
1.5455716957461905,-1.2604389786346468,0.0
0.26206042517289485,-0.14934952120005626,0.0
0.07159487529128832,0.4738955941413706,0.0
0.030620201901578315,0.08489468194241362,0.0
0.18258535352361097,0.8602039633991336,0.0
0.1690662777925565,0.8981714249781724,0.0
-1.1510842053410733,-0.5517596848115961,0.0
-0.8151621534864831,-0.48042748985379563,0.0
1.2752575547753948,-1.0380453239120149,0.0
0.06853313550544028,0.03772290170729778,0.0
-1.0948163083689797,-0.6271829299321952,0.0
-0.10121695300269926,-0.7826111860967675,0.0
0.14527552132313162,0.7207201653897937,0.0
0.1690662777925565,0.8981714249781724,0.0
0.07159487529128832,0.4738955941413706,0.0
0.030620201901578315,0.08489468194241362,0.0
0.784767607370688,-0.4541895066472694,0.0
0.1418390579854509,0.18091215072772537,0.0
0.03778127648519949,0.15844007282824984,0.0
0.025842396306905862,0.07068887709054889,0.0
-0.777109906291415,-0.2316269321734193,0.0
-0.7608142957780873,-0.122331197703429,0.0
-0.16040777345784013,-0.014594845844583449,0.0
-0.07256361219190086,0.015473154537254829,0.0
0.06449154738202345,0.612324519713501,0.0
0.21128056653423216,1.0897289771853387,0.0
0.1690662777925565,0.8981714249781724,0.0
-1.1510842053410733,-0.5517596848115961,0.0
-0.8151621534864831,-0.48042748985379563,0.0
1.5455716957461905,-1.2604389786346468,0.0
0.26206042517289485,-0.14934952120005626,0.0
0.07159487529128832,0.4738955941413706,0.0
0.030620201901578315,0.08489468194241362,0.0
0.18258535352361097,0.8602039633991336,0.0
0.1690662777925565,0.8981714249781724,0.0
-1.1510842053410733,-0.5517596848115961,0.0
-0.8151621534864831,-0.48042748985379563,0.0
1.2752575547753948,-1.0380453239120149,0.0
0.06853313550544028,0.03772290170729778,0.0
-1.0948163083689797,-0.6271829299321952,0.0
-0.10121695300269926,-0.7826111860967675,0.0
0.14527552132313162,0.7207201653897937,0.0
0.1690662777925565,0.8981714249781724,0.0
0.07159487529128832,0.4738955941413706,0.0
0.030620201901578315,0.08489468194241362,0.0
0.784767607370688,-0.4541895066472694,0.0
0.1418390579854509,0.18091215072772537,0.0
0.03778127648519949,0.15844007282824984,0.0
0.025842396306905862,0.07068887709054889,0.0
-0.777109906291415,-0.2316269321734193,0.0
-0.7608142957780873,-0.122331197703429,0.0
-0.16040777345784013,-0.014594845844583449,0.0
-0.07256361219190086,0.015473154537254829,0.0
0.06449154738202345,0.612324519713501,0.0
0.21128056653423216,1.0897289771853387,0.0
0.1690662777925565,0.8981714249781724,0.0
-1.1510842053410733,-0.5517596848115961,0.0
-0.8151621534864831,-0.48042748985379563,0.0
1.5455716957461905,-1.2604389786346468,0.0
0.26206042517289485,-0.14934952120005626,0.0
0.07159487529128832,0.4738955941413706,0.0
0.030620201901578315,0.08489468194241362,0.0
0.18258535352361097,0.8602039633991336,0.0
0.1690662777925565,0.8981714249781724,0.0
-1.1510842053410733,-0.5517596848115961,0.0
-0.8151621534864831,-0.48042748985379563,0.0
1.2752575547753948,-1.0380453239120149,0.0
0.06853313550544028,0.03772290170729778,0.0
-1.0948163083689797,-0.6271829299321952,0.0
-0.10121695300269926,-0.7826111860967675,0.0
0.14527552132313162,0.7207201653897937,0.0
0.1690662777925565,0.8981714249781724,0.0
0.07159487529128832,0.4738955941413706,0.0
0.030620201901578315,0.08489468194241362,0.0
0.784767607370688,-0.4541895066472694,0.0
0.1418390579854509,0.18091215072772537,0.0
0.03778127648519949,0.15844007282824984,0.0
0.025842396306905862,0.07068887709054889,0.0
-0.777109906291415,-0.2316269321734193,0.0
-0.7608142957780873,-0.122331197703429,0.0
-0.16040777345784013,-0.014594845844583449,0.0
-0.07256361219190086,0.015473154537254829,0.0
0.06449154738202345,0.612324519713501,0.0
0.21128056653423216,1.0897289771853387,0.0
0.1690662777925565,0.8981714249781724,0.0
-1.1510842053410733,-0.5517596848115961,0.0
-0.8151621534864831,-0.48042748985379563,0.0
1.5455716957461905,-1.2604389786346468,0.0
0.26206042517289485,-0.14934952120005626,0.0
0.07159487529128832,0.4738955941413706,0.0
0.030620201901578315,0.08489468194241362,0.0
0.18258535352361097,0.8602039633991336,0.0
0.1690662777925565,0.8981714249781724,0.0
-1.1510842053410733,-0.5517596848115961,0.0
-0.8151621534864831,-0.48042748985379563,0.0
1.2752575547753948,-1.0380453239120149,0.0
0.06853313550544028,0.03772290170729778,0.0
-1.0948163083689797,-0.6271829299321952,0.0
-0.10121695300269926,-0.7826111860967675,0.0
0.14527552132313162,0.7207201653897937,0.0
0.1690662777925565,0.8981714249781724,0.0
0.07159487529128832,0.4738955941413706,0.0
0.030620201901578315,0.08489468194241362,0.0
0.784767607370688,-0.4541895066472694,0.0
0.1418390579854509,0.18091215072772537,0.0
0.03778127648519949,0.15844007282824984,0.0
0.025842396306905862,0.07068887709054889,0.0
-0.777109906291415,-0.2316269321734193,0.0
-0.7608142957780873,-0.122331197703429,0.0
-0.16040777345784013,-0.014594845844583449,0.0
-0.07256361219190086,0.015473154537254829,0.0
0.06449154738202345,0.612324519713501,0.0
0.21128056653423216,1.0897289771853387,0.0
0.1690662777925565,0.8981714249781724,0.0
-1.1510842053410733,-0.5517596848115961,0.0
-0.8151621534864831,-0.48042748985379563,0.0
1.5455716957461905,-1.2604389786346468,0.0
0.26206042517289485,-0.14934952120005626,0.0
0.07159487529128832,0.4738955941413706,0.0
0.030620201901578315,0.08489468194241362,0.0
0.18258535352361097,0.8602039633991336,0.0
0.1690662777925565,0.8981714249781724,0.0
-1.1510842053410733,-0.5517596848115961,0.0
-0.8151621534864831,-0.48042748985379563,0.0
1.2752575547753948,-1.0380453239120149,0.0
0.06853313550544028,0.03772290170729778,0.0
-1.0948163083689797,-0.6271829299321952,0.0
-0.10121695300269926,-0.7826111860967675,0.0
0.14527552132313162,0.7207201653897937,0.0
0.1690662777925565,0.8981714249781724,0.0
0.07159487529128832,0.4738955941413706,0.0
0.030620201901578315,0.08489468194241362,0.0
0.784767607370688,-0.4541895066472694,0.0
0.1418390579854509,0.18091215072772537,0.0
0.03778127648519949,0.15844007282824984,0.0
0.025842396306905862,0.07068887709054889,0.0
-0.777109906291415,-0.2316269321734193,0.0
-0.7608142957780873,-0.122331197703429,0.0
-0.16040777345784013,-0.014594845844583449,0.0
-0.07256361219190086,0.015473154537254829,0.0
0.06449154738202345,0.612324519713501,0.0
0.21128056653423216,1.0897289771853387,0.0
0.1690662777925565,0.8981714249781724,0.0
-1.1510842053410733,-0.5517596848115961,0.0
-0.8151621534864831,-0.48042748985379563,0.0
1.5455716957461905,-1.2604389786346468,0.0
0.26206042517289485,-0.14934952120005626,0.0
0.07159487529128832,0.4738955941413706,0.0
0.030620201901578315,0.08489468194241362,0.0
0.18258535352361097,0.8602039633991336,0.0
0.1690662777925565,0.8981714249781724,0.0
-1.1510842053410733,-0.5517596848115961,0.0
-0.8151621534864831,-0.48042748985379563,0.0
1.2752575547753948,-1.0380453239120149,0.0
0.06853313550544028,0.03772290170729778,0.0
-1.0948163083689797,-0.6271829299321952,0.0
-0.10121695300269926,-0.7826111860967675,0.0
0.14527552132313162,0.7207201653897937,0.0
0.1690662777925565,0.8981714249781724,0.0
0.07159487529128832,0.4738955941413706,0.0
0.030620201901578315,0.08489468194241362,0.0
0.784767607370688,-0.4541895066472694,0.0
0.1418390579854509,0.18091215072772537,0.0
0.03778127648519949,0.15844007282824984,0.0
0.025842396306905862,0.07068887709054889,0.0
-0.777109906291415,-0.2316269321734193,0.0
-0.7608142957780873,-0.122331197703429,0.0
-0.16040777345784013,-0.014594845844583449,0.0
-0.07256361219190086,0.015473154537254829,0.0
0.06449154738202345,0.612324519713501,0.0
0.21128056653423216,1.0897289771853387,0.0
0.1690662777925565,0.8981714249781724,0.0
-1.1510842053410733,-0.5517596848115961,0.0
-0.8151621534864831,-0.48042748985379563,0.0
1.5455716957461905,-1.2604389786346468,0.0
0.26206042517289485,-0.14934952120005626,0.0
0.07159487529128832,0.4738955941413706,0.0
0.030620201901578315,0.08489468194241362,0.0
0.18258535352361097,0.8602039633991336,0.0
0.1690662777925565,0.8981714249781724,0.0
-1.1510842053410733,-0.5517596848115961,0.0
-0.8151621534864831,-0.48042748985379563,0.0
1.2752575547753948,-1.0380453239120149,0.0
0.06853313550544028,0.03772290170729778,0.0
-1.0948163083689797,-0.6271829299321952,0.0
-0.10121695300269926,-0.7826111860967675,0.0
0.14527552132313162,0.7207201653897937,0.0
0.1690662777925565,0.8981714249781724,0.0
0.07159487529128832,0.4738955941413706,0.0
0.030620201901578315,0.08489468194241362,0.0
0.784767607370688,-0.4541895066472694,0.0
0.1418390579854509,0.18091215072772537,0.0
0.03778127648519949,0.15844007282824984,0.0
0.025842396306905862,0.07068887709054889,0.0
-0.777109906291415,-0.2316269321734193,0.0
-0.7608142957780873,-0.122331197703429,0.0
-0.16040777345784013,-0.014594845844583449,0.0
-0.07256361219190086,0.015473154537254829,0.0
0.06449154738202345,0.612324519713501,0.0
0.21128056653423216,1.0897289771853387,0.0
0.1690662777925565,0.8981714249781724,0.0
-1.1510842053410733,-0.5517596848115961,0.0
-0.8151621534864831,-0.48042748985379563,0.0
1.5455716957461905,-1.2604389786346468,0.0
0.26206042517289485,-0.14934952120005626,0.0
0.07159487529128832,0.4738955941413706,0.0
0.030620201901578315,0.08489468194241362,0.0
0.18258535352361097,0.8602039633991336,0.0
0.1690662777925565,0.8981714249781724,0.0
-1.1510842053410733,-0.5517596848115961,0.0
-0.8151621534864831,-0.48042748985379563,0.0
1.2752575547753948,-1.0380453239120149,0.0
0.06853313550544028,0.03772290170729778,0.0
-1.0948163083689797,-0.6271829299321952,0.0
-0.10121695300269926,-0.7826111860967675,0.0
0.14527552132313162,0.7207201653897937,0.0
0.1690662777925565,0.8981714249781724,0.0
0.07159487529128832,0.4738955941413706,0.0
0.030620201901578315,0.08489468194241362,0.0
0.784767607370688,-0.4541895066472694,0.0
0.1418390579854509,0.18091215072772537,0.0
0.03778127648519949,0.15844007282824984,0.0
0.025842396306905862,0.07068887709054889,0.0
-0.777109906291415,-0.2316269321734193,0.0
-0.7608142957780873,-0.122331197703429,0.0
-0.16040777345784013,-0.014594845844583449,0.0
-0.07256361219190086,0.015473154537254829,0.0
0.06449154738202345,0.612324519713501,0.0
0.21128056653423216,1.0897289771853387,0.0
0.1690662777925565,0.8981714249781724,0.0
-1.1510842053410733,-0.5517596848115961,0.0
-0.8151621534864831,-0.48042748985379563,0.0
1.5455716957461905,-1.2604389786346468,0.0
0.26206042517289485,-0.14934952120005626,0.0
0.07159487529128832,0.4738955941413706,0.0
0.030620201901578315,0.08489468194241362,0.0
0.18258535352361097,0.8602039633991336,0.0
0.1690662777925565,0.8981714249781724,0.0
-1.1510842053410733,-0.5517596848115961,0.0
-0.8151621534864831,-0.48042748985379563,0.0
1.2752575547753948,-1.0380453239120149,0.0
0.06853313550544028,0.03772290170729778,0.0
-1.0948163083689797,-0.6271829299321952,0.0
-0.10121695300269926,-0.7826111860967675,0.0
0.14527552132313162,0.7207201653897937,0.0
0.1690662777925565,0.8981714249781724,0.0
0.07159487529128832,0.4738955941413706,0.0
0.030620201901578315,0.08489468194241362,0.0
0.784767607370688,-0.4541895066472694,0.0
0.1418390579854509,0.18091215072772537,0.0
0.03778127648519949,0.15844007282824984,0.0
0.025842396306905862,0.07068887709054889,0.0
-0.777109906291415,-0.2316269321734193,0.0
-0.7608142957780873,-0.122331197703429,0.0
-0.16040777345784013,-0.014594845844583449,0.0
-0.07256361219190086,0.015473154537254829,0.0
0.06449154738202345,0.612324519713501,0.0
0.21128056653423216,1.0897289771853387,0.0
0.1690662777925565,0.8981714249781724,0.0
-1.1510842053410733,-0.5517596848115961,0.0
-0.8151621534864831,-0.48042748985379563,0.0
1.5455716957461905,-1.2604389786346468,0.0
0.26206042517289485,-0.14934952120005626,0.0
0.07159487529128832,0.4738955941413706,0.0
0.030620201901578315,0.08489468194241362,0.0
0.18258535352361097,0.8602039633991336,0.0
0.1690662777925565,0.8981714249781724,0.0
-1.1510842053410733,-0.5517596848115961,0.0
-0.8151621534864831,-0.48042748985379563,0.0
1.2752575547753948,-1.0380453239120149,0.0
0.06853313550544028,0.03772290170729778,0.0
-1.0948163083689797,-0.6271829299321952,0.0
-0.10121695300269926,-0.7826111860967675,0.0
0.14527552132313162,0.7207201653897937,0.0
0.1690662777925565,0.8981714249781724,0.0
0.07159487529128832,0.4738955941413706,0.0
0.030620201901578315,0.08489468194241362,0.0
0.784767607370688,-0.4541895066472694,0.0
0.1418390579854509,0.18091215072772537,0.0
0.03778127648519949,0.15844007282824984,0.0
0.025842396306905862,0.07068887709054889,0.0
-0.777109906291415,-0.2316269321734193,0.0
-0.7608142957780873,-0.122331197703429,0.0
-0.16040777345784013,-0.014594845844583449,0.0
-0.07256361219190086,0.015473154537254829,0.0
0.06449154738202345,0.612324519713501,0.0
0.21128056653423216,1.0897289771853387,0.0
0.1690662777925565,0.8981714249781724,0.0
-1.1510842053410733,-0.5517596848115961,0.0
-0.8151621534864831,-0.48042748985379563,0.0
1.5455716957461905,-1.2604389786346468,0.0
0.26206042517289485,-0.14934952120005626,0.0
0.07159487529128832,0.4738955941413706,0.0
0.030620201901578315,0.08489468194241362,0.0
0.18258535352361097,0.8602039633991336,0.0
0.1690662777925565,0.8981714249781724,0.0
-1.1510842053410733,-0.5517596848115961,0.0
-0.8151621534864831,-0.48042748985379563,0.0
1.2752575547753948,-1.0380453239120149,0.0
0.06853313550544028,0.03772290170729778,0.0
-1.0948163083689797,-0.6271829299321952,0.0
-0.10121695300269926,-0.7826111860967675,0.0
0.14527552132313162,0.7207201653897937,0.0
0.1690662777925565,0.8981714249781724,0.0
0.07159487529128832,0.4738955941413706,0.0
0.030620201901578315,0.08489468194241362,0.0
0.784767607370688,-0.4541895066472694,0.0
0.1418390579854509,0.18091215072772537,0.0
0.03778127648519949,0.15844007282824984,0.0
0.025842396306905862,0.07068887709054889,0.0
-0.777109906291415,-0.2316269321734193,0.0
-0.7608142957780873,-0.122331197703429,0.0
-0.16040777345784013,-0.014594845844583449,0.0
-0.07093598930691451,0.01117180076088328,1.0
-0.0035203722594064337,0.1712442560452698,1.0
0.36382253687332283,1.9459408748379583,1.0
1.4021563211584358,-1.143525159982307,1.0
0.12480103247753409,-0.03770034341330087,1.0
-1.4159477811515826,-0.6853302379318661,1.0
-1.151826620335663,-0.6610764444826327,1.0
0.08525893722432208,0.5568795656592356,1.0
0.028992579016591854,0.08919603571878518,1.0
0.784767607370688,-0.4541895066472694,1.0
0.2682164070652888,-0.15461416206564108,1.0
-1.4159477811515826,-0.6853302379318661,1.0
-1.134910507052356,-0.6104233655675219,1.0
-0.1439628583133552,-0.01017022031493592,1.0
-0.3754465701123096,-0.002375557177178701,1.0
1.4846513592083643,-1.2756416351546296,1.0
0.25621212769377205,-0.15619841079507335,1.0
0.30463626681834544,-0.20425455380922522,1.0
0.30822095574574654,-0.16043503641332907,1.0
0.19587469190481208,0.8395526126890032,1.0
0.030620201901578315,0.08489468194241362,1.0
0.03778127648519949,0.15844007282824984,1.0
0.025842396306905862,0.07068887709054889,1.0
0.18258535352361097,0.8602039633991336,1.0
0.22341413550095282,1.2562677171285388,1.0
1.2752575547753948,-1.0380453239120149,1.0
0.1418390579854509,0.18091215072772537,1.0
0.03778127648519949,0.15844007282824984,1.0
0.0631522285073851,0.2101726750998891,1.0
-0.1419513709228099,-0.01519130027413937,1.0
-0.07294747669745978,0.01619288072008674,1.0
-0.33579956511742265,-0.12239875235938635,1.0
-0.0035203722594064337,0.1712442560452698,1.0
0.36382253687332283,1.9459408748379583,1.0
1.4021563211584358,-1.143525159982307,1.0
0.12480103247753409,-0.03770034341330087,1.0
-1.4159477811515826,-0.6853302379318661,1.0
-1.151826620335663,-0.6610764444826327,1.0
0.08525893722432208,0.5568795656592356,1.0
0.028992579016591854,0.08919603571878518,1.0
0.784767607370688,-0.4541895066472694,1.0
0.2682164070652888,-0.15461416206564108,1.0
-1.4159477811515826,-0.6853302379318661,1.0
-1.134910507052356,-0.6104233655675219,1.0
-0.1439628583133552,-0.01017022031493592,1.0
-0.3754465701123096,-0.002375557177178701,1.0
1.4846513592083643,-1.2756416351546296,1.0
0.25621212769377205,-0.15619841079507335,1.0
0.30463626681834544,-0.20425455380922522,1.0
0.30822095574574654,-0.16043503641332907,1.0
0.19587469190481208,0.8395526126890032,1.0
0.030620201901578315,0.08489468194241362,1.0
0.03778127648519949,0.15844007282824984,1.0
0.025842396306905862,0.07068887709054889,1.0
0.18258535352361097,0.8602039633991336,1.0
0.22341413550095282,1.2562677171285388,1.0
1.2752575547753948,-1.0380453239120149,1.0
0.1418390579854509,0.18091215072772537,1.0
0.03778127648519949,0.15844007282824984,1.0
0.0631522285073851,0.2101726750998891,1.0
-0.1419513709228099,-0.01519130027413937,1.0
-0.07294747669745978,0.01619288072008674,1.0
-0.33579956511742265,-0.12239875235938635,1.0
-0.0035203722594064337,0.1712442560452698,1.0
0.36382253687332283,1.9459408748379583,1.0
1.4021563211584358,-1.143525159982307,1.0
0.12480103247753409,-0.03770034341330087,1.0
-1.4159477811515826,-0.6853302379318661,1.0
-1.151826620335663,-0.6610764444826327,1.0
0.08525893722432208,0.5568795656592356,1.0
0.028992579016591854,0.08919603571878518,1.0
0.784767607370688,-0.4541895066472694,1.0
0.2682164070652888,-0.15461416206564108,1.0
-1.4159477811515826,-0.6853302379318661,1.0
-1.134910507052356,-0.6104233655675219,1.0
-0.1439628583133552,-0.01017022031493592,1.0
-0.3754465701123096,-0.002375557177178701,1.0
1.4846513592083643,-1.2756416351546296,1.0
0.25621212769377205,-0.15619841079507335,1.0
0.30463626681834544,-0.20425455380922522,1.0
0.30822095574574654,-0.16043503641332907,1.0
0.19587469190481208,0.8395526126890032,1.0
0.030620201901578315,0.08489468194241362,1.0
0.03778127648519949,0.15844007282824984,1.0
0.025842396306905862,0.07068887709054889,1.0
0.18258535352361097,0.8602039633991336,1.0
0.22341413550095282,1.2562677171285388,1.0
1.2752575547753948,-1.0380453239120149,1.0
0.1418390579854509,0.18091215072772537,1.0
0.03778127648519949,0.15844007282824984,1.0
0.0631522285073851,0.2101726750998891,1.0
-0.1419513709228099,-0.01519130027413937,1.0
-0.07294747669745978,0.01619288072008674,1.0
-0.33579956511742265,-0.12239875235938635,1.0
-0.0035203722594064337,0.1712442560452698,1.0
0.36382253687332283,1.9459408748379583,1.0
1.4021563211584358,-1.143525159982307,1.0
0.12480103247753409,-0.03770034341330087,1.0
-1.4159477811515826,-0.6853302379318661,1.0
-1.151826620335663,-0.6610764444826327,1.0
0.08525893722432208,0.5568795656592356,1.0
0.028992579016591854,0.08919603571878518,1.0
0.784767607370688,-0.4541895066472694,1.0
0.2682164070652888,-0.15461416206564108,1.0
-1.4159477811515826,-0.6853302379318661,1.0
-1.134910507052356,-0.6104233655675219,1.0
-0.1439628583133552,-0.01017022031493592,1.0
-0.3754465701123096,-0.002375557177178701,1.0
1.4846513592083643,-1.2756416351546296,1.0
0.25621212769377205,-0.15619841079507335,1.0
0.30463626681834544,-0.20425455380922522,1.0
0.30822095574574654,-0.16043503641332907,1.0
0.19587469190481208,0.8395526126890032,1.0
0.030620201901578315,0.08489468194241362,1.0
0.03778127648519949,0.15844007282824984,1.0
0.025842396306905862,0.07068887709054889,1.0
0.18258535352361097,0.8602039633991336,1.0
0.22341413550095282,1.2562677171285388,1.0
1.2752575547753948,-1.0380453239120149,1.0
0.1418390579854509,0.18091215072772537,1.0
0.03778127648519949,0.15844007282824984,1.0
0.0631522285073851,0.2101726750998891,1.0
-0.1419513709228099,-0.01519130027413937,1.0
-0.07294747669745978,0.01619288072008674,1.0
-0.33579956511742265,-0.12239875235938635,1.0
-0.0035203722594064337,0.1712442560452698,1.0
0.36382253687332283,1.9459408748379583,1.0
1.4021563211584358,-1.143525159982307,1.0
0.12480103247753409,-0.03770034341330087,1.0
-1.4159477811515826,-0.6853302379318661,1.0
-1.151826620335663,-0.6610764444826327,1.0
0.08525893722432208,0.5568795656592356,1.0
0.028992579016591854,0.08919603571878518,1.0
0.784767607370688,-0.4541895066472694,1.0
0.2682164070652888,-0.15461416206564108,1.0
-1.4159477811515826,-0.6853302379318661,1.0
-1.134910507052356,-0.6104233655675219,1.0
-0.1439628583133552,-0.01017022031493592,1.0
-0.3754465701123096,-0.002375557177178701,1.0
1.4846513592083643,-1.2756416351546296,1.0
0.25621212769377205,-0.15619841079507335,1.0
0.30463626681834544,-0.20425455380922522,1.0
0.30822095574574654,-0.16043503641332907,1.0
0.19587469190481208,0.8395526126890032,1.0
0.030620201901578315,0.08489468194241362,1.0
0.03778127648519949,0.15844007282824984,1.0
0.025842396306905862,0.07068887709054889,1.0
0.18258535352361097,0.8602039633991336,1.0
0.22341413550095282,1.2562677171285388,1.0
1.2752575547753948,-1.0380453239120149,1.0
0.1418390579854509,0.18091215072772537,1.0
0.03778127648519949,0.15844007282824984,1.0
0.0631522285073851,0.2101726750998891,1.0
-0.1419513709228099,-0.01519130027413937,1.0
-0.07294747669745978,0.01619288072008674,1.0
-0.33579956511742265,-0.12239875235938635,1.0
-0.0035203722594064337,0.1712442560452698,1.0
0.36382253687332283,1.9459408748379583,1.0
1.4021563211584358,-1.143525159982307,1.0
0.12480103247753409,-0.03770034341330087,1.0
-1.4159477811515826,-0.6853302379318661,1.0
-1.151826620335663,-0.6610764444826327,1.0
0.08525893722432208,0.5568795656592356,1.0
0.028992579016591854,0.08919603571878518,1.0
0.784767607370688,-0.4541895066472694,1.0
0.2682164070652888,-0.15461416206564108,1.0
-1.4159477811515826,-0.6853302379318661,1.0
-1.134910507052356,-0.6104233655675219,1.0
-0.1439628583133552,-0.01017022031493592,1.0
-0.3754465701123096,-0.002375557177178701,1.0
1.4846513592083643,-1.2756416351546296,1.0
0.25621212769377205,-0.15619841079507335,1.0
0.30463626681834544,-0.20425455380922522,1.0
0.30822095574574654,-0.16043503641332907,1.0
0.19587469190481208,0.8395526126890032,1.0
0.030620201901578315,0.08489468194241362,1.0
0.03778127648519949,0.15844007282824984,1.0
0.025842396306905862,0.07068887709054889,1.0
0.18258535352361097,0.8602039633991336,1.0
0.22341413550095282,1.2562677171285388,1.0
1.2752575547753948,-1.0380453239120149,1.0
0.1418390579854509,0.18091215072772537,1.0
0.03778127648519949,0.15844007282824984,1.0
0.0631522285073851,0.2101726750998891,1.0
-0.1419513709228099,-0.01519130027413937,1.0
-0.07294747669745978,0.01619288072008674,1.0
-0.33579956511742265,-0.12239875235938635,1.0
-0.0035203722594064337,0.1712442560452698,1.0
0.36382253687332283,1.9459408748379583,1.0
1.4021563211584358,-1.143525159982307,1.0
0.12480103247753409,-0.03770034341330087,1.0
-1.4159477811515826,-0.6853302379318661,1.0
-1.151826620335663,-0.6610764444826327,1.0
0.08525893722432208,0.5568795656592356,1.0
0.028992579016591854,0.08919603571878518,1.0
0.784767607370688,-0.4541895066472694,1.0
0.2682164070652888,-0.15461416206564108,1.0
-1.4159477811515826,-0.6853302379318661,1.0
-1.134910507052356,-0.6104233655675219,1.0
-0.1439628583133552,-0.01017022031493592,1.0
-0.3754465701123096,-0.002375557177178701,1.0
1.4846513592083643,-1.2756416351546296,1.0
0.25621212769377205,-0.15619841079507335,1.0
0.30463626681834544,-0.20425455380922522,1.0
0.30822095574574654,-0.16043503641332907,1.0
0.19587469190481208,0.8395526126890032,1.0
0.030620201901578315,0.08489468194241362,1.0
0.03778127648519949,0.15844007282824984,1.0
0.025842396306905862,0.07068887709054889,1.0
0.18258535352361097,0.8602039633991336,1.0
0.22341413550095282,1.2562677171285388,1.0
1.2752575547753948,-1.0380453239120149,1.0
0.1418390579854509,0.18091215072772537,1.0
0.03778127648519949,0.15844007282824984,1.0
0.0631522285073851,0.2101726750998891,1.0
-0.1419513709228099,-0.01519130027413937,1.0
-0.07294747669745978,0.01619288072008674,1.0
-0.33579956511742265,-0.12239875235938635,1.0
-0.0035203722594064337,0.1712442560452698,1.0
0.36382253687332283,1.9459408748379583,1.0
1.4021563211584358,-1.143525159982307,1.0
0.12480103247753409,-0.03770034341330087,1.0
-1.4159477811515826,-0.6853302379318661,1.0
-1.151826620335663,-0.6610764444826327,1.0
0.08525893722432208,0.5568795656592356,1.0
0.028992579016591854,0.08919603571878518,1.0
0.784767607370688,-0.4541895066472694,1.0
0.2682164070652888,-0.15461416206564108,1.0
-1.4159477811515826,-0.6853302379318661,1.0
-1.134910507052356,-0.6104233655675219,1.0
-0.1439628583133552,-0.01017022031493592,1.0
-0.3754465701123096,-0.002375557177178701,1.0
1.4846513592083643,-1.2756416351546296,1.0
0.25621212769377205,-0.15619841079507335,1.0
0.30463626681834544,-0.20425455380922522,1.0
0.30822095574574654,-0.16043503641332907,1.0
0.19587469190481208,0.8395526126890032,1.0
0.030620201901578315,0.08489468194241362,1.0
0.03778127648519949,0.15844007282824984,1.0
0.025842396306905862,0.07068887709054889,1.0
0.18258535352361097,0.8602039633991336,1.0
0.22341413550095282,1.2562677171285388,1.0
1.2752575547753948,-1.0380453239120149,1.0
0.1418390579854509,0.18091215072772537,1.0
0.03778127648519949,0.15844007282824984,1.0
0.0631522285073851,0.2101726750998891,1.0
-0.1419513709228099,-0.01519130027413937,1.0
-0.07294747669745978,0.01619288072008674,1.0
-0.33579956511742265,-0.12239875235938635,1.0
-0.0035203722594064337,0.1712442560452698,1.0
0.36382253687332283,1.9459408748379583,1.0
1.4021563211584358,-1.143525159982307,1.0
0.12480103247753409,-0.03770034341330087,1.0
-1.4159477811515826,-0.6853302379318661,1.0
-1.151826620335663,-0.6610764444826327,1.0
0.08525893722432208,0.5568795656592356,1.0
0.028992579016591854,0.08919603571878518,1.0
0.784767607370688,-0.4541895066472694,1.0
0.2682164070652888,-0.15461416206564108,1.0
-1.4159477811515826,-0.6853302379318661,1.0
-1.134910507052356,-0.6104233655675219,1.0
-0.1439628583133552,-0.01017022031493592,1.0
-0.3754465701123096,-0.002375557177178701,1.0
1.4846513592083643,-1.2756416351546296,1.0
0.25621212769377205,-0.15619841079507335,1.0
0.30463626681834544,-0.20425455380922522,1.0
0.30822095574574654,-0.16043503641332907,1.0
0.19587469190481208,0.8395526126890032,1.0
0.030620201901578315,0.08489468194241362,1.0
0.03778127648519949,0.15844007282824984,1.0
0.025842396306905862,0.07068887709054889,1.0
0.18258535352361097,0.8602039633991336,1.0
0.22341413550095282,1.2562677171285388,1.0
1.2752575547753948,-1.0380453239120149,1.0
0.1418390579854509,0.18091215072772537,1.0
0.03778127648519949,0.15844007282824984,1.0
0.0631522285073851,0.2101726750998891,1.0
-0.1419513709228099,-0.01519130027413937,1.0
-0.07294747669745978,0.01619288072008674,1.0
-0.33579956511742265,-0.12239875235938635,1.0
-0.0035203722594064337,0.1712442560452698,1.0
0.36382253687332283,1.9459408748379583,1.0
1.4021563211584358,-1.143525159982307,1.0
0.12480103247753409,-0.03770034341330087,1.0
-1.4159477811515826,-0.6853302379318661,1.0
-1.151826620335663,-0.6610764444826327,1.0
0.08525893722432208,0.5568795656592356,1.0
0.028992579016591854,0.08919603571878518,1.0
0.784767607370688,-0.4541895066472694,1.0
0.2682164070652888,-0.15461416206564108,1.0
-1.4159477811515826,-0.6853302379318661,1.0
-1.134910507052356,-0.6104233655675219,1.0
-0.1439628583133552,-0.01017022031493592,1.0
-0.3754465701123096,-0.002375557177178701,1.0
1.4846513592083643,-1.2756416351546296,1.0
0.25621212769377205,-0.15619841079507335,1.0
0.30463626681834544,-0.20425455380922522,1.0
0.30822095574574654,-0.16043503641332907,1.0
0.19587469190481208,0.8395526126890032,1.0
0.030620201901578315,0.08489468194241362,1.0
0.03778127648519949,0.15844007282824984,1.0
0.025842396306905862,0.07068887709054889,1.0
0.18258535352361097,0.8602039633991336,1.0
0.22341413550095282,1.2562677171285388,1.0
1.2752575547753948,-1.0380453239120149,1.0
0.1418390579854509,0.18091215072772537,1.0
0.03778127648519949,0.15844007282824984,1.0
0.0631522285073851,0.2101726750998891,1.0
-0.1419513709228099,-0.01519130027413937,1.0
-0.07294747669745978,0.01619288072008674,1.0
-0.33579956511742265,-0.12239875235938635,1.0
-0.0035203722594064337,0.1712442560452698,1.0
0.36382253687332283,1.9459408748379583,1.0
1.4021563211584358,-1.143525159982307,1.0
0.12480103247753409,-0.03770034341330087,1.0
-1.4159477811515826,-0.6853302379318661,1.0
-1.151826620335663,-0.6610764444826327,1.0
0.08525893722432208,0.5568795656592356,1.0
0.028992579016591854,0.08919603571878518,1.0
0.784767607370688,-0.4541895066472694,1.0
0.2682164070652888,-0.15461416206564108,1.0
-1.4159477811515826,-0.6853302379318661,1.0
-1.134910507052356,-0.6104233655675219,1.0
-0.1439628583133552,-0.01017022031493592,1.0
-0.3754465701123096,-0.002375557177178701,1.0
1.4846513592083643,-1.2756416351546296,1.0
0.25621212769377205,-0.15619841079507335,1.0
0.30463626681834544,-0.20425455380922522,1.0
0.30822095574574654,-0.16043503641332907,1.0
0.19587469190481208,0.8395526126890032,1.0
0.030620201901578315,0.08489468194241362,1.0
0.03778127648519949,0.15844007282824984,1.0
0.025842396306905862,0.07068887709054889,1.0
0.18258535352361097,0.8602039633991336,1.0
0.22341413550095282,1.2562677171285388,1.0
1.2752575547753948,-1.0380453239120149,1.0
0.1418390579854509,0.18091215072772537,1.0
0.03778127648519949,0.15844007282824984,1.0
0.0631522285073851,0.2101726750998891,1.0
-0.1419513709228099,-0.01519130027413937,1.0
-0.07294747669745978,0.01619288072008674,1.0
-0.33579956511742265,-0.12239875235938635,1.0
-0.0035203722594064337,0.1712442560452698,1.0
0.36382253687332283,1.9459408748379583,1.0
1.4021563211584358,-1.143525159982307,1.0
0.12480103247753409,-0.03770034341330087,1.0
-1.4159477811515826,-0.6853302379318661,1.0
-1.151826620335663,-0.6610764444826327,1.0
0.08525893722432208,0.5568795656592356,1.0
0.028992579016591854,0.08919603571878518,1.0
0.784767607370688,-0.4541895066472694,1.0
0.2682164070652888,-0.15461416206564108,1.0
-1.4159477811515826,-0.6853302379318661,1.0
-1.134910507052356,-0.6104233655675219,1.0
-0.1439628583133552,-0.01017022031493592,1.0
-0.3754465701123096,-0.002375557177178701,1.0
1.4846513592083643,-1.2756416351546296,1.0
0.25621212769377205,-0.15619841079507335,1.0
0.30463626681834544,-0.20425455380922522,1.0
0.30822095574574654,-0.16043503641332907,1.0
0.19587469190481208,0.8395526126890032,1.0
0.030620201901578315,0.08489468194241362,1.0
0.03778127648519949,0.15844007282824984,1.0
0.025842396306905862,0.07068887709054889,1.0
0.18258535352361097,0.8602039633991336,1.0
0.22341413550095282,1.2562677171285388,1.0
1.2752575547753948,-1.0380453239120149,1.0
0.1418390579854509,0.18091215072772537,1.0
0.03778127648519949,0.15844007282824984,1.0
0.0631522285073851,0.2101726750998891,1.0
-0.1419513709228099,-0.01519130027413937,1.0
-0.07294747669745978,0.01619288072008674,1.0
-0.33579956511742265,-0.12239875235938635,1.0
-0.0035203722594064337,0.1712442560452698,1.0
0.36382253687332283,1.9459408748379583,1.0
1.4021563211584358,-1.143525159982307,1.0
0.12480103247753409,-0.03770034341330087,1.0
-1.4159477811515826,-0.6853302379318661,1.0
-1.151826620335663,-0.6610764444826327,1.0
0.08525893722432208,0.5568795656592356,1.0
0.028992579016591854,0.08919603571878518,1.0
0.784767607370688,-0.4541895066472694,1.0
0.2682164070652888,-0.15461416206564108,1.0
-1.4159477811515826,-0.6853302379318661,1.0
-1.134910507052356,-0.6104233655675219,1.0
-0.1439628583133552,-0.01017022031493592,1.0
-0.3754465701123096,-0.002375557177178701,1.0
1.4846513592083643,-1.2756416351546296,1.0
0.25621212769377205,-0.15619841079507335,1.0
0.30463626681834544,-0.20425455380922522,1.0
0.30822095574574654,-0.16043503641332907,1.0
0.19587469190481208,0.8395526126890032,1.0
0.030620201901578315,0.08489468194241362,1.0
0.03778127648519949,0.15844007282824984,1.0
0.025842396306905862,0.07068887709054889,1.0
0.18258535352361097,0.8602039633991336,1.0
0.22341413550095282,1.2562677171285388,1.0
1.2752575547753948,-1.0380453239120149,1.0
0.1418390579854509,0.18091215072772537,1.0
0.03778127648519949,0.15844007282824984,1.0
0.0631522285073851,0.2101726750998891,1.0
-0.1419513709228099,-0.01519130027413937,1.0
-0.07294747669745978,0.01619288072008674,1.0
-0.33579956511742265,-0.12239875235938635,1.0
-0.0035203722594064337,0.1712442560452698,1.0
0.36382253687332283,1.9459408748379583,1.0
1.4021563211584358,-1.143525159982307,1.0
0.12480103247753409,-0.03770034341330087,1.0
-1.4159477811515826,-0.6853302379318661,1.0
-1.151826620335663,-0.6610764444826327,1.0
0.08525893722432208,0.5568795656592356,1.0
0.028992579016591854,0.08919603571878518,1.0
0.784767607370688,-0.4541895066472694,1.0
0.2682164070652888,-0.15461416206564108,1.0
-1.4159477811515826,-0.6853302379318661,1.0
-1.134910507052356,-0.6104233655675219,1.0
-0.1439628583133552,-0.01017022031493592,1.0
-0.3754465701123096,-0.002375557177178701,1.0
1.4846513592083643,-1.2756416351546296,1.0
0.25621212769377205,-0.15619841079507335,1.0
0.30463626681834544,-0.20425455380922522,1.0
0.30822095574574654,-0.16043503641332907,1.0
0.19587469190481208,0.8395526126890032,1.0
0.030620201901578315,0.08489468194241362,1.0
0.03778127648519949,0.15844007282824984,1.0
0.025842396306905862,0.07068887709054889,1.0
0.18258535352361097,0.8602039633991336,1.0
0.22341413550095282,1.2562677171285388,1.0
1.2752575547753948,-1.0380453239120149,1.0
0.1418390579854509,0.18091215072772537,1.0
0.03778127648519949,0.15844007282824984,1.0
0.0631522285073851,0.2101726750998891,1.0
-0.1419513709228099,-0.01519130027413937,1.0
-0.07294747669745978,0.01619288072008674,1.0
-0.33579956511742265,-0.12239875235938635,1.0
-0.0035203722594064337,0.1712442560452698,1.0
0.36382253687332283,1.9459408748379583,1.0
1.4021563211584358,-1.143525159982307,1.0
0.12480103247753409,-0.03770034341330087,1.0
-1.4159477811515826,-0.6853302379318661,1.0
-1.151826620335663,-0.6610764444826327,1.0
0.08525893722432208,0.5568795656592356,1.0
0.028992579016591854,0.08919603571878518,1.0
0.784767607370688,-0.4541895066472694,1.0
0.2682164070652888,-0.15461416206564108,1.0
-1.4159477811515826,-0.6853302379318661,1.0
-1.134910507052356,-0.6104233655675219,1.0
-0.1439628583133552,-0.01017022031493592,1.0
-0.3754465701123096,-0.002375557177178701,1.0
1.4846513592083643,-1.2756416351546296,1.0
0.25621212769377205,-0.15619841079507335,1.0
0.30463626681834544,-0.20425455380922522,1.0
0.30822095574574654,-0.16043503641332907,1.0
0.19587469190481208,0.8395526126890032,1.0
0.030620201901578315,0.08489468194241362,1.0
0.03778127648519949,0.15844007282824984,1.0
0.025842396306905862,0.07068887709054889,1.0
0.18258535352361097,0.8602039633991336,1.0
0.22341413550095282,1.2562677171285388,1.0
1.2752575547753948,-1.0380453239120149,1.0
0.1418390579854509,0.18091215072772537,1.0
0.03778127648519949,0.15844007282824984,1.0
0.0631522285073851,0.2101726750998891,1.0
-0.1419513709228099,-0.01519130027413937,1.0
-0.07294747669745978,0.01619288072008674,1.0
-0.33579956511742265,-0.12239875235938635,1.0
-0.0035203722594064337,0.1712442560452698,1.0
0.36382253687332283,1.9459408748379583,1.0
1.4021563211584358,-1.143525159982307,1.0
0.12480103247753409,-0.03770034341330087,1.0
-1.4159477811515826,-0.6853302379318661,1.0
-1.151826620335663,-0.6610764444826327,1.0
0.08525893722432208,0.5568795656592356,1.0
0.028992579016591854,0.08919603571878518,1.0
0.784767607370688,-0.4541895066472694,1.0
0.2682164070652888,-0.15461416206564108,1.0
-1.4159477811515826,-0.6853302379318661,1.0
-1.134910507052356,-0.6104233655675219,1.0
-0.1439628583133552,-0.01017022031493592,1.0
-0.3754465701123096,-0.002375557177178701,1.0
1.4846513592083643,-1.2756416351546296,1.0
0.25621212769377205,-0.15619841079507335,1.0
0.30463626681834544,-0.20425455380922522,1.0
0.30822095574574654,-0.16043503641332907,1.0
0.19587469190481208,0.8395526126890032,1.0
0.030620201901578315,0.08489468194241362,1.0
0.03778127648519949,0.15844007282824984,1.0
0.025842396306905862,0.07068887709054889,1.0
0.18258535352361097,0.8602039633991336,1.0
0.22341413550095282,1.2562677171285388,1.0
1.2752575547753948,-1.0380453239120149,1.0
0.1418390579854509,0.18091215072772537,1.0
0.03778127648519949,0.15844007282824984,1.0
0.0631522285073851,0.2101726750998891,1.0
-0.1419513709228099,-0.01519130027413937,1.0
-0.07294747669745978,0.01619288072008674,1.0
-0.33579956511742265,-0.12239875235938635,1.0
-0.0035203722594064337,0.1712442560452698,1.0
0.36382253687332283,1.9459408748379583,1.0
1.4021563211584358,-1.143525159982307,1.0
0.12480103247753409,-0.03770034341330087,1.0
-1.4159477811515826,-0.6853302379318661,1.0
-1.151826620335663,-0.6610764444826327,1.0
0.08525893722432208,0.5568795656592356,1.0
0.028992579016591854,0.08919603571878518,1.0
0.784767607370688,-0.4541895066472694,1.0
0.2682164070652888,-0.15461416206564108,1.0
-1.4159477811515826,-0.6853302379318661,1.0
-1.134910507052356,-0.6104233655675219,1.0
-0.1439628583133552,-0.01017022031493592,1.0
-0.3754465701123096,-0.002375557177178701,1.0
1.4846513592083643,-1.2756416351546296,1.0
0.25621212769377205,-0.15619841079507335,1.0
0.30463626681834544,-0.20425455380922522,1.0
0.30822095574574654,-0.16043503641332907,1.0
0.19587469190481208,0.8395526126890032,1.0
0.030620201901578315,0.08489468194241362,1.0
0.03778127648519949,0.15844007282824984,1.0
0.025842396306905862,0.07068887709054889,1.0
0.18258535352361097,0.8602039633991336,1.0
0.22341413550095282,1.2562677171285388,1.0
1.2752575547753948,-1.0380453239120149,1.0
0.1418390579854509,0.18091215072772537,1.0
0.03778127648519949,0.15844007282824984,1.0
0.0631522285073851,0.2101726750998891,1.0
-0.1419513709228099,-0.01519130027413937,1.0
-0.07294747669745978,0.01619288072008674,1.0
-0.33579956511742265,-0.12239875235938635,1.0
-0.0035203722594064337,0.1712442560452698,1.0
0.36382253687332283,1.9459408748379583,1.0
1.4021563211584358,-1.143525159982307,1.0
0.12480103247753409,-0.03770034341330087,1.0
-1.4159477811515826,-0.6853302379318661,1.0
-1.151826620335663,-0.6610764444826327,1.0
0.08525893722432208,0.5568795656592356,1.0
0.028992579016591854,0.08919603571878518,1.0
0.784767607370688,-0.4541895066472694,1.0
0.2682164070652888,-0.15461416206564108,1.0
-1.4159477811515826,-0.6853302379318661,1.0
-1.134910507052356,-0.6104233655675219,1.0
-0.1439628583133552,-0.01017022031493592,1.0
-0.3754465701123096,-0.002375557177178701,1.0
1.4846513592083643,-1.2756416351546296,1.0
0.25621212769377205,-0.15619841079507335,1.0
0.30463626681834544,-0.20425455380922522,1.0
0.30822095574574654,-0.16043503641332907,1.0
0.19587469190481208,0.8395526126890032,1.0
0.030620201901578315,0.08489468194241362,1.0
0.03778127648519949,0.15844007282824984,1.0
0.025842396306905862,0.07068887709054889,1.0
0.18258535352361097,0.8602039633991336,1.0
0.22341413550095282,1.2562677171285388,1.0
1.2752575547753948,-1.0380453239120149,1.0
0.1418390579854509,0.18091215072772537,1.0
0.03778127648519949,0.15844007282824984,1.0
0.0631522285073851,0.2101726750998891,1.0
-0.1419513709228099,-0.01519130027413937,1.0
-0.07294747669745978,0.01619288072008674,1.0
-0.33579956511742265,-0.12239875235938635,1.0
-0.0035203722594064337,0.1712442560452698,1.0
0.36382253687332283,1.9459408748379583,1.0
1.4021563211584358,-1.143525159982307,1.0
0.12480103247753409,-0.03770034341330087,1.0
-1.4159477811515826,-0.6853302379318661,1.0
-1.151826620335663,-0.6610764444826327,1.0
0.08525893722432208,0.5568795656592356,1.0
0.028992579016591854,0.08919603571878518,1.0
0.784767607370688,-0.4541895066472694,1.0
0.2682164070652888,-0.15461416206564108,1.0
-1.4159477811515826,-0.6853302379318661,1.0
-1.134910507052356,-0.6104233655675219,1.0
-0.1439628583133552,-0.01017022031493592,1.0
-0.3754465701123096,-0.002375557177178701,1.0
1.4846513592083643,-1.2756416351546296,1.0
0.25621212769377205,-0.15619841079507335,1.0
0.30463626681834544,-0.20425455380922522,1.0
0.30822095574574654,-0.16043503641332907,1.0
0.19587469190481208,0.8395526126890032,1.0
0.030620201901578315,0.08489468194241362,1.0
0.03778127648519949,0.15844007282824984,1.0
0.025842396306905862,0.07068887709054889,1.0
0.18258535352361097,0.8602039633991336,1.0
0.22341413550095282,1.2562677171285388,1.0
1.2752575547753948,-1.0380453239120149,1.0
0.1418390579854509,0.18091215072772537,1.0
0.03778127648519949,0.15844007282824984,1.0
0.0631522285073851,0.2101726750998891,1.0
-0.1419513709228099,-0.01519130027413937,1.0
-0.07294747669745978,0.01619288072008674,1.0
-0.33579956511742265,-0.12239875235938635,1.0
-0.0035203722594064337,0.1712442560452698,1.0
0.36382253687332283,1.9459408748379583,1.0
1.4021563211584358,-1.143525159982307,1.0
0.12480103247753409,-0.03770034341330087,1.0
-1.4159477811515826,-0.6853302379318661,1.0
-1.151826620335663,-0.6610764444826327,1.0
0.08525893722432208,0.5568795656592356,1.0
0.028992579016591854,0.08919603571878518,1.0
0.784767607370688,-0.4541895066472694,1.0
0.2682164070652888,-0.15461416206564108,1.0
-1.4159477811515826,-0.6853302379318661,1.0
-1.134910507052356,-0.6104233655675219,1.0
-0.1439628583133552,-0.01017022031493592,1.0
-0.3754465701123096,-0.002375557177178701,1.0
1.4846513592083643,-1.2756416351546296,1.0
0.25621212769377205,-0.15619841079507335,1.0
0.30463626681834544,-0.20425455380922522,1.0
0.30822095574574654,-0.16043503641332907,1.0
0.19587469190481208,0.8395526126890032,1.0
0.030620201901578315,0.08489468194241362,1.0
0.03778127648519949,0.15844007282824984,1.0
0.025842396306905862,0.07068887709054889,1.0
0.18258535352361097,0.8602039633991336,1.0
0.22341413550095282,1.2562677171285388,1.0
1.2752575547753948,-1.0380453239120149,1.0
0.1418390579854509,0.18091215072772537,1.0
0.03778127648519949,0.15844007282824984,1.0
0.0631522285073851,0.2101726750998891,1.0
-0.1419513709228099,-0.01519130027413937,1.0
-0.07294747669745978,0.01619288072008674,1.0
-0.33579956511742265,-0.12239875235938635,1.0
-0.0035203722594064337,0.1712442560452698,1.0
0.36382253687332283,1.9459408748379583,1.0
1.4021563211584358,-1.143525159982307,1.0
0.12480103247753409,-0.03770034341330087,1.0
-1.4159477811515826,-0.6853302379318661,1.0
-1.151826620335663,-0.6610764444826327,1.0
0.08525893722432208,0.5568795656592356,1.0
0.028992579016591854,0.08919603571878518,1.0
0.784767607370688,-0.4541895066472694,1.0
0.2682164070652888,-0.15461416206564108,1.0
-1.4159477811515826,-0.6853302379318661,1.0
-1.134910507052356,-0.6104233655675219,1.0
-0.1439628583133552,-0.01017022031493592,1.0
-0.3754465701123096,-0.002375557177178701,1.0
1.4846513592083643,-1.2756416351546296,1.0
0.25621212769377205,-0.15619841079507335,1.0
0.30463626681834544,-0.20425455380922522,1.0
0.30822095574574654,-0.16043503641332907,1.0
0.19587469190481208,0.8395526126890032,1.0
0.030620201901578315,0.08489468194241362,1.0
0.03778127648519949,0.15844007282824984,1.0
0.025842396306905862,0.07068887709054889,1.0
0.18258535352361097,0.8602039633991336,1.0
0.22341413550095282,1.2562677171285388,1.0
1.2752575547753948,-1.0380453239120149,1.0
0.1418390579854509,0.18091215072772537,1.0
0.03778127648519949,0.15844007282824984,1.0
0.0631522285073851,0.2101726750998891,1.0
-0.1419513709228099,-0.01519130027413937,1.0
-0.07294747669745978,0.01619288072008674,1.0
-0.33579956511742265,-0.12239875235938635,1.0
-0.0035203722594064337,0.1712442560452698,1.0
0.36382253687332283,1.9459408748379583,1.0
1.4021563211584358,-1.143525159982307,1.0
0.12480103247753409,-0.03770034341330087,1.0
-1.4159477811515826,-0.6853302379318661,1.0
-1.151826620335663,-0.6610764444826327,1.0
0.08525893722432208,0.5568795656592356,1.0
0.028992579016591854,0.08919603571878518,1.0
0.784767607370688,-0.4541895066472694,1.0
0.2682164070652888,-0.15461416206564108,1.0
-1.4159477811515826,-0.6853302379318661,1.0
-1.134910507052356,-0.6104233655675219,1.0
-0.1439628583133552,-0.01017022031493592,1.0
-0.3754465701123096,-0.002375557177178701,1.0
1.4846513592083643,-1.2756416351546296,1.0
0.25621212769377205,-0.15619841079507335,1.0
0.30463626681834544,-0.20425455380922522,1.0
0.30822095574574654,-0.16043503641332907,1.0
0.19587469190481208,0.8395526126890032,1.0
0.030620201901578315,0.08489468194241362,1.0
0.03778127648519949,0.15844007282824984,1.0
0.025842396306905862,0.07068887709054889,1.0
0.18258535352361097,0.8602039633991336,1.0
0.22341413550095282,1.2562677171285388,1.0
1.2752575547753948,-1.0380453239120149,1.0
0.1418390579854509,0.18091215072772537,1.0
0.03778127648519949,0.15844007282824984,1.0
0.0631522285073851,0.2101726750998891,1.0
-0.1419513709228099,-0.01519130027413937,1.0
-0.07294747669745978,0.01619288072008674,1.0
-0.33579956511742265,-0.12239875235938635,1.0
-0.0035203722594064337,0.1712442560452698,1.0
0.36382253687332283,1.9459408748379583,1.0
1.4021563211584358,-1.143525159982307,1.0
0.12480103247753409,-0.03770034341330087,1.0
-1.4159477811515826,-0.6853302379318661,1.0
-1.151826620335663,-0.6610764444826327,1.0
0.08525893722432208,0.5568795656592356,1.0
0.028992579016591854,0.08919603571878518,1.0
0.784767607370688,-0.4541895066472694,1.0
0.2682164070652888,-0.15461416206564108,1.0
-1.4159477811515826,-0.6853302379318661,1.0
-1.134910507052356,-0.6104233655675219,1.0
-0.1439628583133552,-0.01017022031493592,1.0
-0.3754465701123096,-0.002375557177178701,1.0
1.4846513592083643,-1.2756416351546296,1.0
0.25621212769377205,-0.15619841079507335,1.0
0.30463626681834544,-0.20425455380922522,1.0
0.30822095574574654,-0.16043503641332907,1.0
0.19587469190481208,0.8395526126890032,1.0
0.030620201901578315,0.08489468194241362,1.0
0.03778127648519949,0.15844007282824984,1.0
0.025842396306905862,0.07068887709054889,1.0
0.18258535352361097,0.8602039633991336,1.0
0.22341413550095282,1.2562677171285388,1.0
1.2752575547753948,-1.0380453239120149,1.0
0.1418390579854509,0.18091215072772537,1.0
0.03778127648519949,0.15844007282824984,1.0
0.0631522285073851,0.2101726750998891,1.0
-0.1419513709228099,-0.01519130027413937,1.0
-0.07294747669745978,0.01619288072008674,1.0
-0.33579956511742265,-0.12239875235938635,1.0
-0.0035203722594064337,0.1712442560452698,1.0
0.36382253687332283,1.9459408748379583,1.0
1.4021563211584358,-1.143525159982307,1.0
0.12480103247753409,-0.03770034341330087,1.0
-1.4159477811515826,-0.6853302379318661,1.0
-1.151826620335663,-0.6610764444826327,1.0
0.08525893722432208,0.5568795656592356,1.0
0.028992579016591854,0.08919603571878518,1.0
0.784767607370688,-0.4541895066472694,1.0
0.2682164070652888,-0.15461416206564108,1.0
-1.4159477811515826,-0.6853302379318661,1.0
-1.134910507052356,-0.6104233655675219,1.0
-0.1439628583133552,-0.01017022031493592,1.0
-0.3754465701123096,-0.002375557177178701,1.0
1.4846513592083643,-1.2756416351546296,1.0
0.25621212769377205,-0.15619841079507335,1.0
0.30463626681834544,-0.20425455380922522,1.0
0.30822095574574654,-0.16043503641332907,1.0
0.19587469190481208,0.8395526126890032,1.0
0.030620201901578315,0.08489468194241362,1.0
0.03778127648519949,0.15844007282824984,1.0
0.025842396306905862,0.07068887709054889,1.0
0.18258535352361097,0.8602039633991336,1.0
0.22341413550095282,1.2562677171285388,1.0
1.2752575547753948,-1.0380453239120149,1.0
0.1418390579854509,0.18091215072772537,1.0
0.03778127648519949,0.15844007282824984,1.0
0.0631522285073851,0.2101726750998891,1.0
-0.1419513709228099,-0.01519130027413937,1.0
-0.07294747669745978,0.01619288072008674,1.0
-0.33579956511742265,-0.12239875235938635,1.0
-0.0035203722594064337,0.1712442560452698,1.0
0.36382253687332283,1.9459408748379583,1.0
1.4021563211584358,-1.143525159982307,1.0
0.12480103247753409,-0.03770034341330087,1.0
-1.4159477811515826,-0.6853302379318661,1.0
-1.151826620335663,-0.6610764444826327,1.0
0.08525893722432208,0.5568795656592356,1.0
0.028992579016591854,0.08919603571878518,1.0
0.784767607370688,-0.4541895066472694,1.0
0.2682164070652888,-0.15461416206564108,1.0
-1.4159477811515826,-0.6853302379318661,1.0
-1.134910507052356,-0.6104233655675219,1.0
-0.1439628583133552,-0.01017022031493592,1.0
-0.3754465701123096,-0.002375557177178701,1.0
1.4846513592083643,-1.2756416351546296,1.0
0.25621212769377205,-0.15619841079507335,1.0
0.30463626681834544,-0.20425455380922522,1.0
0.30822095574574654,-0.16043503641332907,1.0
0.19587469190481208,0.8395526126890032,1.0
0.030620201901578315,0.08489468194241362,1.0
0.03778127648519949,0.15844007282824984,1.0
0.025842396306905862,0.07068887709054889,1.0
0.18258535352361097,0.8602039633991336,1.0
0.22341413550095282,1.2562677171285388,1.0
1.2752575547753948,-1.0380453239120149,1.0
0.1418390579854509,0.18091215072772537,1.0
0.03778127648519949,0.15844007282824984,1.0
0.0631522285073851,0.2101726750998891,1.0
-0.1419513709228099,-0.01519130027413937,1.0
-0.07294747669745978,0.01619288072008674,1.0
-0.33579956511742265,-0.12239875235938635,1.0
-0.0035203722594064337,0.1712442560452698,1.0
0.36382253687332283,1.9459408748379583,1.0
1.4021563211584358,-1.143525159982307,1.0
0.12480103247753409,-0.03770034341330087,1.0
-1.4159477811515826,-0.6853302379318661,1.0
-1.151826620335663,-0.6610764444826327,1.0
0.08525893722432208,0.5568795656592356,1.0
0.028992579016591854,0.08919603571878518,1.0
0.784767607370688,-0.4541895066472694,1.0
0.2682164070652888,-0.15461416206564108,1.0
-1.4159477811515826,-0.6853302379318661,1.0
-1.134910507052356,-0.6104233655675219,1.0
-0.1439628583133552,-0.01017022031493592,1.0
-0.3754465701123096,-0.002375557177178701,1.0
1.4846513592083643,-1.2756416351546296,1.0
0.25621212769377205,-0.15619841079507335,1.0
0.30463626681834544,-0.20425455380922522,1.0
0.30822095574574654,-0.16043503641332907,1.0
0.19587469190481208,0.8395526126890032,1.0
0.030620201901578315,0.08489468194241362,1.0
0.03778127648519949,0.15844007282824984,1.0
0.025842396306905862,0.07068887709054889,1.0
0.18258535352361097,0.8602039633991336,1.0
0.22341413550095282,1.2562677171285388,1.0
1.2752575547753948,-1.0380453239120149,1.0
0.1418390579854509,0.18091215072772537,1.0
0.03778127648519949,0.15844007282824984,1.0
0.0631522285073851,0.2101726750998891,1.0
-0.1419513709228099,-0.01519130027413937,1.0
-0.07294747669745978,0.01619288072008674,1.0
-0.33579956511742265,-0.12239875235938635,1.0
-0.0035203722594064337,0.1712442560452698,1.0
0.36382253687332283,1.9459408748379583,1.0
1.4021563211584358,-1.143525159982307,1.0
0.12480103247753409,-0.03770034341330087,1.0
-1.4159477811515826,-0.6853302379318661,1.0
-1.151826620335663,-0.6610764444826327,1.0
0.08525893722432208,0.5568795656592356,1.0
0.028992579016591854,0.08919603571878518,1.0
0.784767607370688,-0.4541895066472694,1.0
0.2682164070652888,-0.15461416206564108,1.0
-1.4159477811515826,-0.6853302379318661,1.0
-1.134910507052356,-0.6104233655675219,1.0
-0.1439628583133552,-0.01017022031493592,1.0
-0.3754465701123096,-0.002375557177178701,1.0
1.4846513592083643,-1.2756416351546296,1.0
0.25621212769377205,-0.15619841079507335,1.0
0.30463626681834544,-0.20425455380922522,1.0
0.30822095574574654,-0.16043503641332907,1.0
0.19587469190481208,0.8395526126890032,1.0
0.030620201901578315,0.08489468194241362,1.0
0.03778127648519949,0.15844007282824984,1.0
0.025842396306905862,0.07068887709054889,1.0
0.18258535352361097,0.8602039633991336,1.0
0.22341413550095282,1.2562677171285388,1.0
1.2752575547753948,-1.0380453239120149,1.0
0.1418390579854509,0.18091215072772537,1.0
0.03778127648519949,0.15844007282824984,1.0
0.0631522285073851,0.2101726750998891,1.0
-0.1419513709228099,-0.01519130027413937,1.0
-0.07294747669745978,0.01619288072008674,1.0
-0.33579956511742265,-0.12239875235938635,1.0
-0.0035203722594064337,0.1712442560452698,1.0
0.36382253687332283,1.9459408748379583,1.0
1.4021563211584358,-1.143525159982307,1.0
0.12480103247753409,-0.03770034341330087,1.0
-1.4159477811515826,-0.6853302379318661,1.0
-1.151826620335663,-0.6610764444826327,1.0
0.08525893722432208,0.5568795656592356,1.0
0.028992579016591854,0.08919603571878518,1.0
0.784767607370688,-0.4541895066472694,1.0
0.2682164070652888,-0.15461416206564108,1.0
-1.4159477811515826,-0.6853302379318661,1.0
-1.134910507052356,-0.6104233655675219,1.0
-0.1439628583133552,-0.01017022031493592,1.0
-0.3754465701123096,-0.002375557177178701,1.0
1.4846513592083643,-1.2756416351546296,1.0
0.25621212769377205,-0.15619841079507335,1.0
0.30463626681834544,-0.20425455380922522,1.0
0.30822095574574654,-0.16043503641332907,1.0
0.19587469190481208,0.8395526126890032,1.0
0.030620201901578315,0.08489468194241362,1.0
0.03778127648519949,0.15844007282824984,1.0
0.025842396306905862,0.07068887709054889,1.0
0.18258535352361097,0.8602039633991336,1.0
0.22341413550095282,1.2562677171285388,1.0
1.2752575547753948,-1.0380453239120149,1.0
0.1418390579854509,0.18091215072772537,1.0
0.03778127648519949,0.15844007282824984,1.0
0.0631522285073851,0.2101726750998891,1.0
-0.1419513709228099,-0.01519130027413937,1.0
-0.07294747669745978,0.01619288072008674,1.0
-0.33579956511742265,-0.12239875235938635,1.0
-0.0035203722594064337,0.1712442560452698,1.0
0.36382253687332283,1.9459408748379583,1.0
1.4021563211584358,-1.143525159982307,1.0
0.12480103247753409,-0.03770034341330087,1.0
-1.4159477811515826,-0.6853302379318661,1.0
-1.151826620335663,-0.6610764444826327,1.0
0.08525893722432208,0.5568795656592356,1.0
0.028992579016591854,0.08919603571878518,1.0
0.784767607370688,-0.4541895066472694,1.0
0.2682164070652888,-0.15461416206564108,1.0
-1.4159477811515826,-0.6853302379318661,1.0
-1.134910507052356,-0.6104233655675219,1.0
-0.1439628583133552,-0.01017022031493592,1.0
-0.3754465701123096,-0.002375557177178701,1.0
1.4846513592083643,-1.2756416351546296,1.0
0.25621212769377205,-0.15619841079507335,1.0
0.30463626681834544,-0.20425455380922522,1.0
0.30822095574574654,-0.16043503641332907,1.0
0.19587469190481208,0.8395526126890032,1.0
0.030620201901578315,0.08489468194241362,1.0
0.03778127648519949,0.15844007282824984,1.0
0.025842396306905862,0.07068887709054889,1.0
0.18258535352361097,0.8602039633991336,1.0
0.22341413550095282,1.2562677171285388,1.0
1.2752575547753948,-1.0380453239120149,1.0
0.1418390579854509,0.18091215072772537,1.0
0.03778127648519949,0.15844007282824984,1.0
0.0631522285073851,0.2101726750998891,1.0
-0.1419513709228099,-0.01519130027413937,1.0
-0.07294747669745978,0.01619288072008674,1.0
-0.33579956511742265,-0.12239875235938635,1.0
-0.0035203722594064337,0.1712442560452698,1.0
0.36382253687332283,1.9459408748379583,1.0
1.4021563211584358,-1.143525159982307,1.0
0.12480103247753409,-0.03770034341330087,1.0
-1.4159477811515826,-0.6853302379318661,1.0
-1.151826620335663,-0.6610764444826327,1.0
0.08525893722432208,0.5568795656592356,1.0
0.028992579016591854,0.08919603571878518,1.0
0.784767607370688,-0.4541895066472694,1.0
0.2682164070652888,-0.15461416206564108,1.0
-1.4159477811515826,-0.6853302379318661,1.0
-1.134910507052356,-0.6104233655675219,1.0
-0.1439628583133552,-0.01017022031493592,1.0
-0.3754465701123096,-0.002375557177178701,1.0
1.4846513592083643,-1.2756416351546296,1.0
0.25621212769377205,-0.15619841079507335,1.0
0.30463626681834544,-0.20425455380922522,1.0
0.30822095574574654,-0.16043503641332907,1.0
0.19587469190481208,0.8395526126890032,1.0
0.030620201901578315,0.08489468194241362,1.0
0.03778127648519949,0.15844007282824984,1.0
0.025842396306905862,0.07068887709054889,1.0
0.18258535352361097,0.8602039633991336,1.0
0.22341413550095282,1.2562677171285388,1.0
1.2752575547753948,-1.0380453239120149,1.0
0.1418390579854509,0.18091215072772537,1.0
0.03778127648519949,0.15844007282824984,1.0
0.0631522285073851,0.2101726750998891,1.0
-0.1419513709228099,-0.01519130027413937,1.0
-0.07294747669745978,0.01619288072008674,1.0
